_ArtistIDpk,ARTIST_nameonlabel,Artist_Last_First,ArtistNameFirst,ArtistNameLast,Artist_yearofbirth,Artist_countryofbirth,Artist_country,Artist_gender,Artist_website,ARTIST_Bio50,Black Market,,,,,,,,,56,Bow Gamelan Ensemble,,,,,,,,,74,Center For Land Use Interpretation,,,,,,,,,184,Gutai Art Association,,,,,,,,,208,Hi Performance,,,,,,,,,300,King Mob,,,,,,,,,306,l’internationale lettriste,,,,,,,,,322,Live Art Development Agency,,,,,,,,,390,Mukhomor (Toadstool) Group,,,,,,,,,534,The Ashington Miners,,,,,,,,,536,The Basement Group,,,,,,,,,1,8gg (Jiang Haiqing and Fu Yu),"8gg, ",,8gg,,China,China,,,"Multimedia duo Jiang Haiqing and Fu Yu, based in Beijing."860,Francesc Abad,"Abad, Francesc",Francesc,Abad,,,"Spain, Catalan",,,1564,Marina Abramovi_ and Ulay,Abramovi_ & Ulay,,Abramovi_ & Ulay,,,,,,344,Marina Abramovi_,"Abramovi_, Marina",Marina,Abramovi_,,,,,,564,Vito Acconci,"Acconci, Vito",Vito,Acconci,1940,,,,,308,Lanfranco Aceti,"Aceti, Lanfranco",Lanfranco,Aceti,,,,,,291,Kathy Acker,"Acker, Kathy",Kathy,Acker,,,,,,464,Rita Ackermann,"Ackermann, Rita",Rita,Ackermann,,,,,,1501,Rudolph Ackermann,"Ackermann, Rudolph",Rudolph,Ackermann,1764-1834,,,,,471,Roger Ackling,"Ackling, Roger",Roger,Ackling,,,,,,263,John Adams,"Adams, John",John,Adams,,,,,,890,Mac Adams,"Adams, Mac",Mac,Adams,,,,,,1447,Peter Adams,"Adams, Peter",Peter,Adams,,,,,,1427,Peter Addis,"Addis, Peter",Peter,Addis,,,,,,1261,Cherry Adkins,"Adkins, Cherry",Cherry,Adkins,,,,,,1376,Nudrat Afza,"Afza, Nudrat",Nudrat,Afza,,,,,,931,Machiko Agano,"Agano, Machiko",Machiko,Agano,,,Japan,,,1043,Compte O. Aguado,"Aguado, Compte",Compte,Aguado,1827-1894,France,France,,,842,Mario Airo',"Airo', Mario",Mario,Airo,,,Italy,,,463,Rieko Akatsuka,"Akatsuka, Rieko",Rieko,Akatsuka,,,,,,757,Philip Akkerman,"Akkerman, Philip",Philip,Akkerman,,,,,,1559,John Akomfrah and Trevor Mathison,"Akomfrah and Mathison, ",,Akomfrah and Mathison,,,,,,1184,Jean-Michel Alberola,"Alberola, Jean-Michel",Jean-Michel,Alberola,,,France,,,582,Yuri Albert,"Albert, Yuri",Yuri,Albert,,,,,,984,Victoria Aldred,"Aldred, Victoria",Victoria,Aldred,,,,,,778,Edward Allington,"Allington, Edward",Edward,Allington,1951,,,,,1278,Douglas Allsop,"Allsop, Douglas",Douglas,Allsop,,,,,,1117,Pauline Allwright,"Allwright, Pauline",Pauline,Allwright,,,,,,1578,Wilfrid Almendra,"Almendra, Wilfrid",Wilfrid,Almendra,,,,,,342,Maria Thereza Alves,"Alves, Maria Thereza",Maria Thereza,Alves,,,,,,404,Nicholas Alvis-Vega,"Alvis-Vega, Nicholas",Nicholas,Alvis-Vega,,,,,,131,Doa Aly,"Aly, Doa",Doa,Aly,,,,,,158,Francis Alÿs,"Alÿs, Francis",Francis,Alÿs,,,,,,688,Robert Amadou,"Amadou, Robert",Robert,Amadou,,,,,,1542,Lewis Ambler,"Ambler, Lewis",Lewis,Ambler,,,,,,346,Mark Amerika,"Amerika, Mark",Mark,Amerika,1960,USA,USA,,,551,Ulf Aminde,"Aminde, Ulf",Ulf,Aminde,,,,,,68,Carlos Amorales,"Amorales, Carlos",Carlos,Amorales,,,,,,705,Susan Anderson,"Anderson, Susan",Susan,Anderson,,,,,,600,Andrew Grassie,"Andrew Grassie, Andrew",Andrew,Andrew Grassie,,,,,,1068,Leonid Andreyev,"Andreyev, Leonid",Leonid,Andreyev,1871-1919,Russia,Russia,,,1145,Andy the Furniture Maker,Andy the Furniture Maker,Andy,the Furniture Maker,,,,,,297,Kenneth Anger,"Anger, Kenneth",Kenneth,Anger,,,,,,132,Dona Ann McAdams,"Ann McAdams, Dona",Dona ,Ann McAdams,,,,,,917,Ansesa,Ansesa,,Ansesa,,,"Spain, Catalonia",,,347,Mark Anstee,"Anstee, Mark",Mark,Anstee,,,,,,706,Katherine Anteney,"Anteney, Katherine",Katherine,Anteney,,,,,,423,Paul Antick ,"Antick, Paul",Paul,Antick,,,,,,1185,Pierre Antoniucci,"Antoniucci, Pierre",Pierre,Antoniucci,,,France,,,251,Jennifer Anyan,"Anyan, Jennifer",Jennifer,Anyan,,,,,,1303,Siegfried Anzinger,"Anzinger, Siegfried",Siegfried,Anzinger,1953,Austria,Germany,,,1531,Dieter Appelt,"Appelt, Dieter",Dieter,Appelt,,,Germany,,,474,Ron Arad,"Arad, Ron",Ron,Arad,,,,,,808,Rasheed Araeen,"Araeen, Rasheed",Rasheed,Araeen,1935,Pakistan,UK,,http://www.leftmatrix.com/araeenrashidlist.html,35,Arman,"Arman, ",,Arman,,,,,,768,Kenneth Armitage,"Armitage, Kenneth",Kenneth,Armitage,1916,UK,,,,1519,Keith Arnatt,"Arnatt, Keith",Keith,Arnatt,,,,,,687,Noël Arnaud,"Arnaud, Noël",Noël,Arnaud,,,,,,1503,Louis Jules Arnout,"Arnout, Louis",Louis,Arnout,1814-1868,,,,,1029,Sue Arrowsmith,"Arrowsmith, Sue",Sue,Arrowsmith,1950,UK,UK,,,606,Art & Language,Art & Language,,Art & Language,,,,,,1557,Art in Ruins (Hannah Vowles and Glyn Banks),Art in Ruins,Art,Art in Ruins,,,,,,452,Richard Artschwager,"Artschwager, Richard",Richard,Artschwager,,,,,,490,Samar Asamoah,"Asamoah, Samar",Samar,Asamoah,,,,,,417,Oreet Ashery,"Ashery, Oreet",Oreet,Ashery,,,,,,111,David Askevold,"Askevold, David",David,Askevold,,,,,,305,Kutlu_  Ataman ,"Ataman, Kutlu_",Kutlu_,Ataman,,,,,,1259,Atelier Des Pyramides,Atelier Des Pyramides,,Atelier Des Pyramides,,,,,,1409,Kevin Atherton,"Atherton, Kevin",Kevin,Atherton,,,,,,647,Ron Athey,"Athey, Ron",Ron,Athey,,,,,,799,Lawrence Atkinson,"Atkinson, Lawrence",Lawrence,Atkinson,1873-1931,UK ,France,,,149,Erieta Attali,"Attali, Erieta",Erieta,Attali,,,,,,1214,Pidder Auberger,"Auberger, Pidder",Pidder,Auberger,,,,,,284,Juergen Aubrecht,"Aubrecht, Juergen",Juergen,Aubrecht,,,,,,1408,Audio Arts,Audio Arts,,Audio Arts,,,,,,1030,Alice Austen,"Austen, Alice",Alice,Austen,1866-1952,USA,USA,,,1122,David Austen,"Austen, David",David,Austen,,,,,,1458,John Austin,"Austin, John",John,Austin,,,,,,139,Elif Ayiter a.k.a. Alpha Auer,"Ayiter, Elif",Elif,Ayiter,,,,,,1527,Gillian Ayres,"Ayres, Gillian",Gillian,Ayres,,,,,,744,Clara Azevedo,"Azevedo, Clara",Clara,Azevedo,,,Portugal,,,161,Franko B,"B, Franko",Franko,B,,,,,,907,Ona B.,"B, Ona",Ona,B,,,,,,493,Sarah Backhouse,"Backhouse, Sarah",Sarah,Backhouse,,,,,,790,John Bacon the Elder,"Bacon the Elder, John",John,Bacon the Elder,1740-1799,UK,,,,1258,Candace Bahouth,"Bahouth, Candace",Candace,Bahouth,,,,,,1137,Fred Baier,"Baier, Fred",Fred,Baier,,,,,,405,Nick Bailey,"Bailey, Nick",Nick,Bailey,,,,,,147,Eric Bainbridge,"Bainbridge, Eric",Eric,Bainbridge,,,,,,125,Deborah Baker,"Baker, Deborah",Deborah,Baker,,,,,,45,Bill Balaskas,"Balaskas, Bill",Bill,Balaskas,,,,,,861,Eugenia Balcells,"Balcells, Eugenia",Eugenia,Balcells,,,"Spain, Catalan",,,33,Antony Balch,"Balch, Antony",Antony,Balch,,,,,,264,John Baldessari,"Baldessari, John",John,Baldessari,,,,,,1046,Edourdo-D. Baldus,"Baldus, Edourdo",Edourdo,Baldus,1815-1882,France,France,,,1282,Janusz Ba_dyga,"Ba_dyga, Janusz",Janusz,Ba_dyga,,,Poland,,,386,Miroslaw Balka,"Balka, Miroslaw",Miroslaw,Balka,,,Poland ,,,599,Glyn Banks,"Banks, Glyn",Glyn,Banks,,,,,,789,Thomas Banks,"Banks, Thomas",Thomas,Banks,1735-1805,UK,,,,814,Fiona Banner,"Banner, Fiona",Fiona,Banner,,,,,,749,Pedro Baptista,"Baptista, Pedro",Pedro,Baptista,,,Portugal,,,1499,Henry Aston Barker,"Barker, Henry",Henry,Aston Barker,1774-1856,,,,,438,Phyllida Barlow,"Barlow, Phyllida",Phyllida,Barlow,,,,,,1459,Jane Barnes,"Barnes, Jane",Jane,Barnes,,,,,,1234,Nick Barnes,"Barnes, Nick",Nick,Barnes,,,UK,,,581,Yto Barrada,"Barrada, Yto",Yto,Barrada,,,,,,1568,David Barrett,"Barrett, David",David,Barrett,,,,,,447,Ray Barrie,"Barrie, Ray",Ray,Barrie,,,,,,473,Roland Barthes,"Barthes, Roland",Roland,Barthes,1915-1980,France,France,,,844,Massimo Bartolini,"Bartolini, Massimo",Massimo,Bartolini,,,Italy,,,451,Ricardo Basbaum,"Basbaum, Ricardo",Ricardo,Basbaum,,,,,,278,Jordan Baseman,"Baseman, Jordan",Jordan,Baseman,,,,,,38,Ayton Basement,"Basement, Ayton",Ayton,Basement,,,,,,1497,James Basire,"Basire, James",James,Basire,1730-1802,,,,,531,Taysir Batniji,"Batniji, Taysir",Taysir,Batniji,1966,Palestine,France & Palenstine,,,1094,Susan Batori,"Batori, Susan",Susan,Batori,,,,,,1138,Richard Batterham,"Batterham, Richard",Richard,Batterham,,,,,,129,Diann Bauer,"Bauer, Diann",Diann,Bauer,,,,,,1021,Monika Baumgartl,"Baumgartl, Monika",Monika,Baumgartl,,,Germany,,,176,Glen Baxter,"Baxter, Glen",Glen,Baxter,,,,,,1062,Hippolyte Bayard,"Bayard, Hippolyte",Hippolyte,Bayard,1801-1887,France,France,,,229,J. Beal,"Beal, J.",J.,Beal,,,,,,538,Thomas Beal,"Beal, Thomas",Thomas,Beal,,,,,,1161,Rita Beale,"Beale, Rita",Rita,Beale,,,,,,692,Randal Beattie,"Beattie, Randal",Randal,Beattie,,,,,,57,Breda Beban,"Beban, Breda",Breda,Beban,,,,,,1019,Bernhard and Hilla Becher,"Becher, Bernhard and Hilla",Bernhard and Hilla,Becher,,,Germany,,,330,Lutz Becher,"Becher, Lutz",Lutz,Becher,,,,,,1231,Mike Beddington,"Beddington, Mike",Mike,Beddington,,,UK,,,559,Vanessa Beecroft,"Beecroft, Vanessa",Vanessa,Beecroft,,,,,,1460,Yolande Beer,"Beer, Yolande",Yolande,Beer,,,,,,554,Ute Behrend,"Behrend, Ute",Ute,Behrend,,,,,,996,Sylvie Bélanger,"Bélanger, Sylvie",Sylvie,Bélanger,,,Canada,,,1284,Anna Beller,"Beller, Anna",Anna,Beller,,,Poland,,,864,Jordi Benito,"Benito, Jordi",Jordi,Benito,,,"Spain, Catalan",,,1429,Tony Bennett,"Bennett, Tony",Tony,Bennett,,,,,,439,Pip Benveniste,"Benveniste, Pip",Pip,Benveniste,,,,,,1125,Stephanie Bergman,"Bergman, Stephanie",Stephanie,Bergman,,,,,,70,Caroline Bergvall,"Bergvall, Caroline",Caroline,Bergvall,1962,Germany,UK,,carolinebergvall.com,700,Serge Berna,"Berna, Serge",Serge,Berna,,,,,,699,Andre Bernard,"Bernard, Andre",Andre,Bernard,,,,,,106,Dale Berning,"Berning, Dale",Dale,Berning,,,,,,373,Michael Beutler,"Beutler, Michael",Michael,Beutler,,,,,,1262,Tadek Beutlich,"Beutlich, Tadek",Tadek,Beutlich,,,,,,1010,Joseph Beuys,"Beuys, Joseph",Joseph,Beuys,,,Germany,,,274,Jon Bewley,"Bewley, Jon",Jon,Bewley,,,,,,634,Sandesh Bhandare,"Bhandare, Sandesh",Sandesh,Bhandare,,,India,,,470,Robin Bhattacharya,"Bhattacharya, Robin",Robin,Bhattacharya,,,,,,584,Zarina Bhimji,"Bhimji, Zarina",Zarina,Bhimji,,,,,,985,Dilys Bidewell,"Bidewell, Dilys",Dilys,Bidewell,,,,,,553,Ursula Biemann,"Biemann, Ursula",Ursula,Biemann,,,,,,668,Helen Biggar,"Biggar, Helen",Helen,Biggar,,,,,,968,Guillaume Bijl,"Bijl, Guillaume",Guillaume,Bijl,1946,,Belgium,,http://www.guillaumebijl.be,1270,Phil Bird,"Bird, Phil",Phil,Bird,,,,,,1349,Philip Bird,"Bird, Philip",Philip,Bird,1952,UK,UK,,,1378,Sutupa Biswas,"Biswas, Sutupa",Sutupa,Biswas,,,,,,49,Black Audio Film Collective,Black Audio Film Collective,,Black Audio Film Collective,1982-1998,,UK,,http://www.screenonline.org.uk/people/id/502424/index.html,"The Black Audio Film Collective was formed in Hackney, London in 1982 by John Akomfrah, Reece Auguiste, Edward George, Lina Gopaul, Avril Johnson, David Lawson and Trevor Mathison. Black Audio Film Collective (BAFC) operated between 1982-1998."1238,Elizabeth Blackadder,"Blackadder, Elizabeth",Elizabeth,Blackadder,,,,,,899,Kate Blacker,"Blacker, Kate",Kate,Blacker,,,,,,1186,Jean Charles Blais,"Blais, Jean Charles",Jean Charles,Blais,,,France,,,265,John Blake,"Blake, John",John,Blake,,,,,,1569,David Blamey,"Blamey, David",David,Blamey,,,,,,1187,Remi Blanchard,"Blanchard, Remi",Remi,Blanchard,,,France,,,112,David Blandy,"Blandy, David",David,Blandy,1976,UK,UK,,,51,Blast Theory,"Blast Theory, ",,Blast Theory,,,,,,453,Richard Bloes,"Bloes, Richard",Richard,Bloes,,,,,,30,Ansuya Blom,"Blom, Ansuya",Ansuya,Blom,1956,Netherlands,Netherlands,,,1014,Bernhard Johannes Blume,"Blume, Bernhard Johannes",Bernhard Johannes,Blume,,,Germany,,,1011,Claus Böhmler,"Böhmler, Claus",Claus,Böhmler,,,Germany,,,1188,Francois Boisron,"Boisron, Francois",Francois,Boisron,,,France,,,281,Juan Bolivar,"Bolivar, Juan",Juan,Bolivar,1966,Venezuela,UK,,,246,Jay Bolotin,"Bolotin, Jay",Jay,Bolotin,,,,,,724,Christian Boltanski,"Boltanski, Christian",Christian,Boltanski,,,,,,1454,Clive Bordoli,"Bordoli, Clive",Clive,Bordoli,,,,,,424,Paul Botham,"Botham, Paul",Paul,Botham,,,,,,1031,Alice Boughton,"Boughton, Alice",Alice,Boughton,1865-1943,USA,USA,,,1139,Clive Bowen,"Bowen, Clive",Clive,Bowen,,,,,,348,Mark Boyle/Sensual Laboratory,"Boyle, Mark",Mark,Boyle,,,,,,1529,Gordon Bradshaw,"Bradshaw, Gordon",Gordon,Bradshaw,,,,,,663,Kayle Brandon,"Brandon, Kayle",Kayle,Brandon,,,,,,1456,Bill Brandt,"Brandt, Bill",Bill,Brandt,1905-1983,UK,UK,,http://www.billbrandt.com/,138,Eliane Brau,"Brau, Eliane",Eliane,Brau,,,,,,701,Jean-I Brau,"Brau, Jean-I",Jean-I,Brau,,,,,,216,Ian Breakwell,"Breakwell, Ian",Ian,Breakwell,,,,,,193,Hans Breder,"Breder, Hans",Hans,Breder,,,,,,1243,Archie Brennan,"Brennan, Archie",Archie,Brennan,,,,,,542,Tim Brennan,"Brennan, Tim",Tim,Brennan,,,,,,1095,Michael Brennand-Wood,"Brennand-Wood, Michael",Michael,Brennand-Wood,,,UK,,,1034,Anne Brigman,"Brigman, Anne",Anne,Brigman,1869-1950,USA,USA,,,367,Mel Brimfield,"Brimfield, Mel",Mel,Brimfield,,,,,,1170,Frederick Lee Brindell,"Brindell, Frederick Lee",Frederick Lee,Brindell,1830-1863,UK,UK,,,366,Stuart Brisley / Maya Balcioglu,Brisley / Balcioglu,,Brisley / Balcioglu,,,,,,651,Stuart Brisley and Leslie Haslam,Brisley & Haslam,,Brisley & Haslam,,,,,,522,Stuart Brisley,"Brisley, Stuart",Stuart,Brisley,,,,,,1140,Alison Britton,"Britton, Alison",Alison,Britton,,,,,,752,Alexander Brodsky & Ilya Utkin,Brodsky & Utkin,,Brodsky & Utkin,,,,,,400,Neil Bromwich,"Bromwich, Neil",Neil,Bromwich,,,,,www.walkerandbromwich.org.uk,339,Marcel Broodthaers,"Broodthaers, Marcel",Marcel,Broodthaers,,,,,,986,James Brook,"Brook, James",James,Brook,,,,,,245,Jason Brooks,"Brooks, Jason",Jason,Brooks,,,,,,1556,Adam Broomberg and Oliver Chanarin,"Broomberg & Chanarin, ",,Broomberg & Chanarin,,,,,http://www.broombergchanarin.com/,969,Joan Brossa,"Brossa, Joan",Joan,Brossa,1919-1998,,"Spain, Catalan",,,1195,Jeremy Broun,"Broun, Jeremy",Jeremy,Broun,,,,,,758,Don Brown,"Brown, Don",Don,Brown,,,,,,987,Glenn Brown,"Brown, Glenn",Glenn,Brown,,,,,,1461,John Brown,"Brown, John",John,Brown,,,,,,1333,Prof. R. Brown,"Brown, R.",R.,Brown,,,,,,1420,Vincent Brown,"Brown, Vincent",Vincent,Brown,,,,,,1462,C. R. Brownridge,"Brownridge, C.R.",C.R.,Brownridge,,,,,,168,George Brownrigg,"Brownrigg, George",George,Brownrigg,,,,,,1024,Jean Francois Brun,"Brun, Jean Francois",Jean Francois,Brun,,,France,,,1016,Johannes Brus,"Brus, Johannes",Johannes,Brus,,,Germany,,,1283,Wojciech Bruszewski,"Bruszewski, Wojciech",Wojciech,Bruszewski,,,Poland,,,61,Bronwen Buckeridge,"Buckeridge, Bronwen",Bronwen,Buckeridge,1971,UK,UK,,,1438,David Buckland,"Buckland, David",David,Buckland,,,,,,1096,Jo Budd,"Budd, Jo",Jo,Budd,,,,,,883,Victoria Buivid,"Buivid, Victoria",Victoria,Buivid,,,Russian Federation,,,148,Eric Bulatov,"Bulatov, Eric",Eric,Bulatov,,,,,,23,Angela Bulloch,"Bulloch, Angela",Angela,Bulloch,,,,,,1572,Heath Bunting and Kayle Brandon,Bunting and Brandon,,Bunting and Brandon,,,,,,662,Heath Bunting,"Bunting, Heath",Heath,Bunting,,,,,,1546,Pauline Burbidge,"Burbidge, Pauline",Pauline,Burbidge,,,,,,84,Chris Burden,"Burden, Chris",Chris,Burden,1946,USA,USA,,,562,Victor Burgin,"Burgin, Victor",Victor,Burgin,1941,UK,UK,,,1379,Chila Burman,"Burman, Chila",Chila,Burman,,,,,,527,Susanne Bürner,"Bürner, Susanne",Susanne,Bürner,,,,,,571,William S. Burroughs,"Burroughs, William S.",William S.,Burroughs,,,,,,105,D. Burton,"Burton, D.",D.,Burton,,,,,,1500,Decimus Burton,"Burton, Decimus",Decimus,Burton,1800-1881,,,,,817,Christine Butler,"Butler, Christine",Christine,Butler,,,,,,967,Hamad Butt,"Butt, Hamad",Hamad,Butt,1962-1994,Pakistan,UK,,www.hamadbutt.co.uk,1241,Joanna Buxton,"Buxton, Joanna",Joanna,Buxton,,,,,,326,Lucy Byatt,"Byatt, Lucy",Lucy,Byatt,,,,,,1428,James Byrne,"Byrne, James",James,Byrne,,,,,,1380,Mujassam C-Maan,"C-Maan, Mujassam",Mujassam,C-Maan,,,,,,918,Xicu Cabanyes,"Cabanyes, Xicu",Xicu,Cabanyes,,,"Spain, Catalonia",,,510,Sophie Calle,"Calle, Sophie",Sophie,Calle,,,,,,1442,Andrew Cameron,"Cameron, Andrew",Andrew,Cameron,,,,,,1217,Julia Margaret Cameron,"Cameron, Julia Margaret",Julia Margaret,Cameron,1815-1879,,UK,,,1426,John Carson,"Carson, John",John,Carson,,,,,,970,Tony Carter,"Carter, Tony",Tony,Carter,,,,,,1196,Ashley Cartwright,"Cartwright, Ashley",Ashley,Cartwright,,,,,,1105,Pedro Casqueiro,"Casqueiro, Pedro",Pedro,Casqueiro,1959,Portugal,Portugal,,,940,Lucy Casson and Andy Hazell,Casson & Hazell,,Casson & Hazell,,,UK,,,1142,Paul Caton,"Caton, Paul",Paul,Caton,,,,,,815,Maurizio Cattelan,"Cattelan, Maurizio",Maurizio,Cattelan,,,,,,146,Ergin Çavu_o_lu,"Çavu_o_lu, Ergin",Ergin,Çavu_o_lu,,,,,,971,Philippe Cazal,"Cazal, Philippe",Philippe,Cazal,,,,,,1263,Cumbria College Of Art And Design Group,CCAD group,,CCAD Group,,,,,,862,Jordi Cerdà,"Cerdà, Jordi",Jordi,Cerdà,,,"Spain, Catalan",,,1439,David Chadwick,"Chadwick, David",David,Chadwick,,,,,,1178,Helen Chadwick,"Chadwick, Helen",Helen,Chadwick,,,,,,1183,Marc Camille Chaimowicz,"Chaimowicz, Marc",Marc Camille,Chaimowicz,1947,,,,,707,Rod Chamberlain,"Chamberlain, Rod",Rod,Chamberlain,,,,,,1123,Stephen Chambers,"Chambers, Stephen",Stephen,Chambers,,,,,,1071,Martin Chambi,"Chambi, Martin",Martin,Chambi,1891-1973,Peru,Peru,,,17,Alice Channer,"Channer, Alice",Alice,Channer,,,,,,1509,Bob Chaplin,"Chaplin, Bob",Bob,Chaplin,,,,,,195,Harold Chapman,"Chapman, Harold",Harold,Chapman,,,,,,1169,Alan Charlton,"Charlton, Alan",Alan,Charlton,,,,,,242,Jane Chavez-Dawson,"Chavez-Dawson, Jane",Jane,Chavez-Dawson,,,,,,1375,Sharon Chazan,"Chazan, Sharon",Sharon,Chazan,,,,,,941,James Chedburn,"Chedburn, James",James,Chedburn,,,UK,,,220,Igor Chelkovski,"Chelkovski, Igor",Igor,Chelkovski,,,,,,575,Wong Hoy Cheong,"CHEONG, WONG HOY",Wong Hoy,Cheong,,,,,,177,Gordon Cheung,"Cheung, Gordon",Gordon,Cheung,,,,,,1465,Maria Chevska,"Chevska, Maria",Maria,Chevska,,,,,,672,Tom Chick,"Chick, Tom",Tom,Chick,,,,,,266,John Chilver,"Chilver, John",John,Chilver,,,,,,695,Chinese Communist Party,"Chinese Communist Party, ",,Chinese Communist Party,,,,,,1285,Marek Chlanda,"Chlanda, Marek",Marek,Chlanda,,,Poland,,,399,Neha Choksi,"Choksi, Neha",Neha,Choksi,,,,,,204,Henning Christiansen,"Christiansen, Henning",Henning,Christiansen,,,,,,154,Evening Chronicle,"Chronicle, Evening",Evening,Chronicle,,,,,,226,Ivan Chuikov,"Chuikov, Ivan",Ivan,Chuikov,,,,,,324,Lu Chunsheng,"Chunsheng, Lu",Lu,Chunsheng,1968,China,China,,,1286,Tomasz Ciecierski,"Ciecierski, Tomasz",Tomasz,Ciecierski,,,Poland,,,1298,Ewa Ciepielewska (Luxus Group),"Ciepielewska, Ewa",Ewa,Ciepielewska,,,Poland,,,1240,Johanna Clark,"Clark, Johanna",Johanna,Clark,,,,,,484,Ruth Claxton,"Claxton, Ruth",Ruth,Claxton,,,,,,511,Sophie Clements,"Clements, Sophie",Sophie,Clements,,,,,,90,Chuck Close,"Close, Chuck",Chuck,Close,,,,,,94,Claude Closky,"Closky, Claude",Claude,Closky,,,,,,755,Nigel Coates,"Coates, Nigel",Nigel,Coates,,,,,,1032,Alvin L. Coburn,"Coburn, Alvin",Alvin,Coburn,1882-1966,USA,UK,,,1555,Fannie E. Coburn,"Coburn, Fannie",Fannie E.,Coburn,,,,,,1466,Doug Cocker,"Cocker, Doug",Doug,Cocker,,,,,,942,Andy Cohen,"Cohen, Andy",Andy,Cohen,,,UK,,,1239,Harold Cohen,"Cohen, Harold",Harold,Cohen,,,,,,448,Revital Cohen,"Cohen, Revital",Revital,Cohen,,,,,,1422,James Coleman,"Coleman, James",James,Coleman,,,,,,1198,John Coleman,"Coleman, John",John,Coleman,,,,,,398,Nathan Coley,"Coley, Nathan",Nathan,Coley,,,,,,1126,Collier & Campbell,Collier & Campbell,,Collier & Campbell,,,,,,708,Andrew Collins,"Collins, Andrew",Andrew,Collins,,,,,,192,Hannah Collins,"Collins, Hannah",Hannah,Collins,1956,,,,,524,Susan Collins,"Collins, Susan",Susan,Collins,1964,UK,UK,,,1197,David Colwell,"Colwell, David",David,Colwell,,,,,,1189,Robert Combas,"Combas, Robert",Robert,Combas,,,France,,,541,Thomas Joshua Cooper,"Cooper, Thomas Joshua",Thomas Joshua,Cooper,,,USA,,,624,Copenhagen Free University,Copenhagen Free University,,Copenhagen Free University,,,Denmark,,,Artists: Jakob Jakobsen and Henriette Heise972,Leo Copers,"Copers, Leo",Leo,Copers,,,,,,919,Corominas,Corominas,,Corominas,,,"Spain, Catalonia",,,1190,Vincent Corpet,"Corpet, Vincent",Vincent,Corpet,,,France,,,845,Vittorio Corsini,"Corsini, Vittorio",Vittorio,Corsini,,,Italy,,,920,Montserrat Costa,"Costa, Montserrat",Montserrat,Costa,,,"Spain, Catalonia",,,921,Narcís Costa,"Costa, Narcís",Narcís,Costa,,,"Spain, Catalonia",,,113,David Cotterrell,"Cotterrell, David",David,Cotterrell,,,UK,,www.cotterrell.com,183,Gustave Courbet (1819–77),"Courbet, Gustave",Gustave,Courbet,1819,,France,,,283,Judith Cowan,"Cowan, Judith",Judith,Cowan,,,,,,680,Gabi Cowburn,"Cowburn, Gabi",Gabi,Cowburn,,,,,,812,Stephen Cox,"Cox, Stephen",Stephen,Cox,,,,,,387,Molly Crabapple,"Crabapple, Molly",Molly,Crabapple,,,,,,1273,Tony Cragg,"Cragg, Tony",Tony,Cragg,,,,,,1526,Michael Craig-Martin,"Craig-Martin, Michael",Michael,Craig-Martin,,,,,,653,Osbert Guy Stanhope Crawford,"Crawford, Osbert",Osbert,Crawford,1886 – 1957,,,,,357,Martin Creed,"Creed, Martin",Martin,Creed,,,,,,1415,Dave Critchley,"Critchley, Dave",Dave,Critchley,,,,,,514,Stephen Critchley,"Critchley, Stephen",Stephen,Critchley,,,,,,617,Andrew Cross,"Cross, Andrew",Andrew,Cross,,,,,,134,Dorothy Cross,"Cross, Dorothy",Dorothy,Cross,,,,,,114,David Crosswaite,"Crosswaite, David",David,Crosswaite,,,,,,609,Nick Crowe and Ian Rawlinson,Crowe & Rawlinson,,Crowe & Rawlinson,,,,,,98,Colin Crumplin,"Crumplin, Colin",Colin,Crumplin,,,,,,282,Juan Cruz,"Cruz, Juan",Juan,Cruz,,,,,,401,Neil Cummings,"Cummings, Neil",Neil,Cummings,,,,,,1063,Imogen Cunningham,"Cunningham, Imogen",Imogen,Cunningham,1883-1976,USA,USA,,,445,Raphael Cuomo/ Maria Iorio,Cuomo & Lorio,Maria,Lorio,,,,,,444,Raphael Cuomo/ Maria Iorio,"Cuomo, Raphael",Raphael,Cuomo,,,,,,1242,Lynne Curran,"Curran, Lynne",Lynne,Curran,,,,,,1049,Edward Curtis,"Curtis, Edward",Edward,Curtis,1868-1952,USA,USA,,,312,Layla Curtis,"Curtis, Layla",Layla,Curtis,,,,,,42,Beatriz da Costa,"da Costa, Beatriz",Beatriz,da Costa,,,,,,820,Walter Dahn,"Dahn, Walter",Walter,Dahn,,,,,,545,Tom Dale,"Dale, Tom",Tom,Dale,,,,,,1495,Hendrick Danckerts,"Danckerts, Hendrick",Hendrick,Danckerts,C. 1630-After 1679,,,,,1381,Prodeepta Das,"Das, Prodeepta",Prodeepta,Das,,,,,,393,Nancy Davenport,"Davenport, Nancy",Nancy,Davenport,,,,,,1547,Jean Davey Winter,"Davey Winter, Jean",Jean,Davey Winter,,,,,,180,Grenville Davey,"Davey, Grenville",Grenville,Davey,,,,,,71,Catherine David,"David, Catherine",Catherine,David,,,,,http://www.chanceprojects.com,1106,Ilda David,"David, Ilda",Ilda,David,1955,Portugal,Portugal,,,267,John Davidsen,"Davidsen, John",John,Davidsen,,,,,,1467,Alan Davie,"Davie, Alan",Alan,Davie,,,,,,406,Nick Dawes,"Dawes, Nick",Nick,Dawes,,,,,,498,Shezad Dawood,"Dawood, Shezad",Shezad,Dawood,,,,,,1056,Frederick H. Day,"Day, Frederick H.",Frederick H.,Day,1864-1933,USA,USA,,,1468,Sidney Day,"Day, Sidney",Sidney,Day,,,,,,1050,Ernest de Caranza,"de Caranza, Ernest",Ernest,de Caranza,1850s,France,France,,,521,Storm de Hirsch,"de Hirsch, Storm",Storm,de Hirsch,,,,,,698,Jacqueline de Jong,"de Jong, Jacqueline",Jacqueline,de Jong,,,,,,73,Cathy de Monchaux,"de Monchaux, Cathy",Cathy,de Monchaux,,,,,,1383,Allan de Souza,"de Souza, Allan",Allan,de Souza,,,,,,1274,Richard Deacon,"Deacon, Richard",Richard,Deacon,,,,,,529,Tacita Dean,"Dean, Tacita",Tacita,Dean,,,,,,185,Guy Debord,"Debord, Guy",Guy,Debord,,,France,,,1045,Edgar Degas,"Degas, Edgar",Edgar,Degas,1834-1917,France,France,,,1328,Sonia Delaunay,"Delaunay, Sonia",Sonia,Delaunay,1885,Ukraine,France,,,340,Marcelline Delbecq,"Delbecq, Marcelline",Marcelline,Delbecq,,,,,,754,Luc Deleu,"Deleu, Luc",Luc,Deleu,,,,,,607,Deller and Holmquist,Deller & Holmquist,,Deller & Holmquist,,,,,,253,Jeremy Deller,"Deller, Jeremy",Jeremy,Deller,1966,UK,UK,,,475,Ron den Daas,"den Daas, Ron",Ron,den Daas,,,,,,734,Robyn Denny,"Denny, Robyn",Robyn,Denny,,,,,,1382,Poulomi Desai,"Desai, Poulomi",Poulomi,Desai,,,,,,1069,Louise Deshong-Woodbridge,"Deshong-Woodbridge, Louise",Louise,Deshong-Woodbridge,1980's-1910's,USA,USA,,,666,Dewar & Gicquel,"Dewar & Gicquel, ",,Dewar & Gicquel,,,,,,495,Sarindar Dhaliwal,"Dhaliwal, Sarindar",Sarindar,Dhaliwal,,,,,,422,Patrizio di Massimo,"di Massimo, Patrizio",Patrizio,di Massimo,,,,,,525,Susan Diab,"Diab, Susan",Susan,Diab,,,,,,822,Jessica Diamond,"Diamond, Jessica",Jessica,Diamond,,,,,,748,Margarida Dias,"Dias, Margarida",Margarida,Dias ,,,Portugal,,,1510,Jan Dibbets,"Dibbets, Jan",Jan,Dibbets,1941,Netherlands,Netherlands,,,395,Naomi Dines,"Dines, Naomi",Naomi,Dines,,,,,,1033,Andre A. E. Disderi,"Disderi, Andre",Andre,Disderi,1819-1889,France,France,,,915,Eugenio Dittborn,"Dittborn, Eugenio",Eugenio,Dittborn,1943,Chile,Chile,,,488,Sally Dixon,"Dixon, Sally",Sally,Dixon,,,,,,1162,Hike Dodd,"Dodd, Hike",Hike,Dodd,,,,,,573,Willie Doherty,"Doherty, Willie",Willie,Doherty,1959,,,,,1163,Dolmetsch Musical Instruments,Dolmetsch Musical Instruments,,Dolmetsch Musical Instruments,,,,,,866,Joseph Domènech,"Domènech, Joseph",Joseph,Domènech,,,"Spain, Catalan",,,1347,Rita Donagh,"Donagh, Rita",Rita,Donagh,,,,,,856,Milena Dopitova,"Dopitova, Milena",Milena,Dopitova,,,Czech Republic,,,87,Christian Dorley-Brown,"Dorley-Brown, Christian",Christian,Dorley-Brown,,,,,,1511,Rackstraw Downes,"Downes, Rackstraw",Rackstraw,Downes,,,,,,618,Shaun Doyle and Mally Mallinson,Doyle & Mallinson,,Doyle & Mallinson,,,,,,1573,Kristianne Drake,"Drake, Kristianne",Kristianne,Drake,,,UK,,https://kristiannedrake.wordpress.com/,1143,David Drew,"Drew, David",David,Drew,,,,,,819,Felix Droese,"Droese, Felix",Felix,Droese,,,,,,163,Fred Drummond,"Drummond, Fred",Fred,Drummond,,,,,,268,John du Cane,"du Cane, John",John,du Cane,,,,,,403,Nhan Duc Nguyen,"Duc Nguyen, Nhan",Nhan,Duc Nguyen,,,,,,809,Arturo Duclos,"Duclos, Arturo",Arturo,Duclos,,Chile,,,,1127,Judith Duffey,"Duffey, Judith",Judith,Duffey,,,,,,1173,Lili Dujourie,"Dujourie, Lili",Lili,Dujourie,,,,,,381,Mike Dunford,"Dunford, Mike",Mike,Dunford,,,,,,248,Jean Dupuy,"Dupuy, Jean",Jean,Dupuy,,,,,,159,Francisca Duran,"Duran, Francisca",Francisca,Duran,1967,Chile,Canada,,,91,Cia Durante,"Durante, Cia",Cia,Durante,,,,,,1493,Albrecht Dürer,"Dürer, Albrecht",Albrecht,Dürer,1471-1528,,,,,194,Harald Durstmüller,"Durstmüller, Harald",Harald,Durstmüller,,,,,,664,DvsN,"DvsN, ",,DvsN,,,,,,517,Steve Dwoskin,"Dwoskin, Steve",Steve,Dwoskin,,,,,,1287,Edward Dwurnik,"Dwurnik, Edward",Edward,Dwurnik,,,Poland,,,115,David Dye,"Dye, David",David,Dye,,,,,,425,Paul Eachus,"Eachus, Paul",Paul,Eachus,,,,,,1079,Thomas Eakins,"Eakins, Thomas",Thomas,Eakins,1844-1916,USA,USA,,,365,Max Eastley,"Eastley, Max",Max,Eastley,1944,,UK,,,358,Mary Beth Edelson,"Edelson, Mary Beth",Mary Beth,Edelson,,,,,,1301,John Edwards,"Edwards, John",John,Edwards,,,,,,202,Helena Eflerová,"Eflerová, Helena",Helena,Eflerová,,,,,,1304,Evelyne Egerer,"Egerer, Evelyne",Evelyne,Egerer,1955,Austria,Austria,,,943,Frank Egerton,"Egerton, Frank",Frank,Egerton,,,UK,,,382,Mike Eilenfeldt,"Eilenfeldt, Mike",Mike,Eilenfeldt,,,,,,908,Nicole Eisenman,"Eisenman, Nicole",Nicole,Eisenman,,,,,,896,Dörte Eissfeldt,"Eissfeldt, Dörte",Dörte,Eissfeldt,,,,,,219,Ida Ekblad,"Ekblad, Ida",Ida,Ekblad,,,,,,482,Roza El-Hassan,"El-Hassan, Roza",Roza,El-Hassan,,,Hungary,,,190,Hala Elkoussy,"Elkoussy, Hala",Hala,Elkoussy,,,,,,1560,Graham Ellard and Stephen Johnstone,"Ellard & Johnstone, ",,Ellard & Johnstone,,,,,,595,Graham Ellard,"Ellard, Graham",Graham,Ellard,,,,,,944,Peter Ellis,"Ellis, Peter",Peter,Ellis,,,UK,,,1269,Brian Elwell,"Elwell, Brian",Brian,Elwell,,,,,,549,Tracey Emin,"Emin, Tracey",Tracey,Emin,,,,,,1506,Gottfried Engelmann,"Engelmann, Gottfried",Gottfried,Engelmann,1788-1839,,,,,694,Friedrich Engels,"Engels, Friedrich",Friedrich,Engels,,,,,,1412,Rose English,"English, Rose",Rose,English,,,,,,136,Egon Engmann,"Engmann, Egon",Egon,Engmann,,,,,,800,Jacob Epstein,"Epstein, Jacob",Jacob,Epstein,1880-1959,USA,UK,,,384,Miklos Erdely,"Erdely, Miklos",Miklos,Erdely,,,Hungary,,,652,Tim Etchells,"Etchells, Tim",Tim,Etchells,,,,,,674,Ozaki Etsuko,"Etsuko, Ozaki",Ozaki,Etsuko,,,,,,1054,Frank Eugene,"Eugene, Frank",Frank,Eugene,1865-1936,USA,Germany,,,865,Eulàlia,Eulàlia,,Eulàlia,,,"Spain, Catalan",,,1144,Alan Evans,"Evans, Alan",Alan,Evans,,,,,,1469,Bob Evans,"Evans, Bob",Bob,Evans,,,,,,1553,Frederick H. Evans,"Evans, Frederick",Frederick H.,Evans,,,,,,359,Mary Evans,"Evans, Mary",Mary,Evans,,,,,,503,Simon Evans,"Evans, Simon",Simon,Evans,,,,,,1215,Tom Evans,"Evans, Tom",Tom,Evans,,,,,,966,Andy Fabo,"Fabo, Andy",Andy,Fabo,,,Canada,,,126,Deej Fabyc,"Fabyc, Deej",Deej,Fabyc,,,,,,178,Graham Fagen,"Fagen, Graham",Graham,Fagen,,,,,www.grahamfagen.com/,275,Jonathan Faiers,"Faiers, Jonathan",Jonathan,Faiers,,,,,,349,Mark Fairnington,"Fairnington, Mark",Mark,Fairnington,,,,,,922,Faixó,Faixó,,Faixó,,,"Spain, Catalonia",,,1257,Mary Farmer,"Farmer, Mary",Mary,Farmer,,,,,,1548,Kaffe Fassett & Richard Womersley,Fassett & Womersley,,Fassett & Womersley,,,,,,1028,Arnanda Faulkner,"Faulkner, Arnanda",Arnanda,Faulkner,1953,UK,UK,,,923,Federico,Federico,,Federico,,,"Spain, Catalonia",,,884,Ludmilla Fedorenko ,"Fedorenko, Ludmilla",Ludmilla,Fedorenko,,,Russian Federation,,,66,Cao Fei,"Fei, Cao",Cao,Fei,1978,China,China,,,1391,Paul Feiler,"Feiler, Paul",Paul,Feiler,,,,,,823,Peter Fend,"Fend, Peter",Peter,Fend,,,,,,1518,Ben Fernandez,"Fernandez, Ben",Ben,Fernandez,1936,USA,USA,,http://benedictjfernandez.com/,743,Luisa Ferreira,"Ferreira, Luisa",Luisa,Ferreira,,,Portugal,,,863,Benet Ferrer,"Ferrer, Benet",Benet,Ferrer,,,"Spain, Catalan",,,1532,Rainer Fetting,"Fetting, Rainer",Rainer,Fetting,,,Germany,,,1199,David Field,"Field, David",David,Field,,,,,,685,Andrei Filippov,"Filippov, Andrei",Andrei,Filippov,,,,,,494,Sarah Filmer,"Filmer, Sarah",Sarah,Filmer,,,,,,10,Alec Finlay,"Finlay, Alec",Alec,Finlay,,,,,,909,Karen Finley,"Finley, Karen",Karen,Finley,,,,,,642,Ernst Fischer,"Fischer, Ernst",Ernst,Fischer,,,,,,1306,Peter Fischli and David Weiss,Fischli & Weiss,,Fischli & Weiss,,,Switzerland,,,892,Joel Fisher,"Fisher, Joel",Joel,Fisher,,,,,,924,Fita,Fita,,Fita,,,"Spain, Catalonia",,,41,Barry Flanagan,"Flanagan, Barry",Barry,Flanagan,,,,,,792,John Flaxman,"Flaxman, John",John,Flaxman,1755-1826,UK,UK,,,528,Sylvie Fleury,"Fleury, Sylvie",Sylvie,Fleury,,,,,,1561,Flow Motion (Eddie George and Anna Piva),"Flow Motion, ",Flow,Flow Motion,,,,,,232,James Floyd,"Floyd, James",James,Floyd,,,,,,1200,Romas Foord,"Foord, Romas",Romas,Foord,,,,,,1000,Richard Forbes,"Forbes, Richard",Richard,Forbes,,,,,,1266,Adrian Ford,"Ford, Adrian",Adrian,Ford,,,,,,726,Denzil Forrester,"Forrester, Denzil",Denzil,Forrester,,,,,,657,Iain Forsyth & Jane Pollard,Forsyth & Pollard,,Forsyth & Pollard,,,,,,504,Simon Foster-Ogg,"Foster-Ogg, Simon",Simon,Foster-Ogg,,,,,,210,Hollis Frampton,"Frampton, Hollis",Hollis,Frampton,,,,,,793,John Francis,"Francis, John",John,Francis,1780-1861 ,UK,UK,,,1308,Heinz Frank,"Frank, Heinz",Heinz,Frank,1939,Austria,Austria,,,1549,Susie Freeman,"Freeman, Susie",Susie,Freeman,,,,,,1114,Sally Freshwater,"Freshwater, Sally",Sally,Freshwater,,,,,,1053,Francis Frith,"Frith, Francis",Francis,Frith,1822-1891,UK,UK,,,825,Katharina Fritsch,"Fritsch, Katharina",Katharina,Fritsch,,,,,,893,Bernard Frize,"Frize, Bernard",Bernard,Frize,,,,,,1341,Terry Frost,"Frost, Terry",Terry,Frost,,,,,,290,Katherine Fry,"Fry, Katherine",Katherine,Fry,,,,,,936,Katsuhiro Fujimura,"Fujimura, Katsuhiro",Katsuhiro,Fujimura,,,Japan,,,1338,George Fullard,"Fullard, George",George,Fullard,,,,,,945,Ron Fuller,"Fuller, Ron",Ron,Fuller,,,UK,,,191,Hamish Fulton,"Fulton, Hamish",Hamish,Fulton,1946,,,,,1533,Klaus Fussmann,"Fussmann, Klaus",Klaus,Fussmann,,,Germany,,,371,Meschac Gaba,"Gaba, Meschac",Meschac,Gaba,,,,,,1445,Norman Gaches,"Gaches, Norman",Norman,Gaches,,,,,,104,Cyprien Gaillard,"Gaillard, Cyprien",Cyprien,Gaillard,,,,,,34,Anya Gallaccio,"Gallaccio, Anya",Anya,Gallaccio,,,,,,1213,David Gallant,"Gallant, David",David,Gallant,,,,,,486,Ryan Gander,"Gander, Ryan",Ryan,Gander,,,,,,1128,Lucinda Gane,"Gane, Lucinda",Lucinda,Gane,,,,,,631,Pedro Garhel and Rosa Galindo,Garhel & Galindo,,Garhel & Galindo,,,,,,1174,Gérard Garouste,"Garouste, Gérard",Gérard,Garouste,,,France,,,775,Rose Garrard,"Garrard, Rose",Rose,Garrard,1946,UK ,,,,512,Stefan Gec,"Gec, Stefan",Stefan,Gec,,,,,,679,Ron Geesin,"Geesin, Ron",Ron,Geesin,,,,,,682,Geissler & Sann,Geissler & Sann,,Geissler and Sann,,,,,,1005,André Gelpke,"Gelpke, André",André,Gelpke,,,Germany,,,827,General Idea,General Idea,,General Idea,,,,,,558,Van Gennep,"Gennep, Van",Van,Gennep,,,,,,6,Akasegawa Genpei,"Genpei, Akasegawa",Akasegawa,Genpei,,,,,,620,Eddie George,"George, Eddie",Eddie,George,,,,,,910,Ava Gerber,"Gerber, Ava",Ava,Gerber,,,,,,1582,Poul Gernes,"Gernes, Poul",Poul,Gernes,,,,,,1020,Jochen Gerz,"Gerz, Jochen",Jochen,Gerz,,,Germany,,,1327,Alberto Giacometti,"Giacometti, Alberto",Alberto,Giacometti,1901-1966,Switzerland,France and Switzerland,,http://www.fondation-giacometti.fr/,171,Gerald Giamportone,"Giamportone, Gerald",Gerald,Giamportone,,,,,,1115,Brigitte Gibbon,"Gibbon, Brigitte",Brigitte,Gibbon,,,,,,1116,John Gibbons,"Gibbons, John",John,Gibbons,,,UK,,,144,Ella Gibbs,"Gibbs, Ella",Ella,Gibbs,,,,,,794,John Gibson,"Gibson, John",John,Gibson,1790-1866,UK,Italy,,,433,Peter Gidal,"Gidal, Peter",Peter,Gidal,,,,,,7,Al Giese,"Giese, Al",Al,Giese,,,,,,801,Eric Gill,"Gill, Eric",Eric,Gill,1882-1940,UK,UK,,,635,Gauri Gill,"Gill, Gauri",Gauri,Gill,1970,,India,,,296,Ken Gill,"Gill, Ken",Ken,Gill,,,,,,318,Liam Gillick,"Gillick, Liam",Liam,Gillick,,,,,,1222,Melanie Gilligan,"Gilligan, Melanie",Melanie,Gilligan,,,UK,,,925,Jordi Gispert,Gispert,Jordi,Gispert,,,"Spain, Catalonia",,,213,Hugo Glendinning,"Glendinning, Hugo",Hugo,Glendinning,,,,,,1470,John Glover,"Glover, John",John,Glover,,,,,,916,Judith Goddard,"Goddard, Judith",Judith,Goddard,,,UK,,,1164,Mary Godfrey,"Godfrey, Mary",Mary,Godfrey,,,,,,1430,Lucy Goffin,"Goffin, Lucy",Lucy,Goffin,,,,,,539,Thomas Gokey,"Gokey, Thomas",Thomas,Gokey,,,,,,681,Goldin + Senneby,"Goldin + Senneby, ",,Goldin + Senneby,,,,,,782,Andy Goldsworthy,"Goldsworthy, Andy",Andy,Goldsworthy,1956,UK, ,,,314,Leon Golub,"Golub, Leon",Leon,Golub,,,,,,911,Dorothee Golz,"Golz, Dorothee",Dorothee,Golz,,,,,,1437,Ricardo Gomez-Perez,"Gomez-Perez, Ricardo",Ricardo,Gomez-Perez,,,,,,181,Guillermo Gomez,"Gomez, Guillermo",Guillermo,Gomez,,,,,,442,Rachel Gomme,"Gomme, Rachel",Rachel,Gomme,,,,,,1211,Juliet Goodden,"Goodden, Juliet",Juliet,Goodden,,,,,,157,Frances Goodman,"Goodman, Frances",Frances,Goodman,,,,,,777,Anthony Gormley,"Gormley, Anthony",Anthony,Gormley,1950,UK,,,,854,John Goto,"Goto, John",John,Goto,1949,UK,UK,,,519,Stewart Gough,"Gough, Stewart",Stewart,Gough,,,,,,107,Dan Graham,"Graham, Dan",Dan,Graham,,,,,,1440,Paul Graham,"Graham, Paul",Paul,Graham,,,,,,1520,Duncan Grant,"Grant, Duncan",Duncan,Grant,,,,,,855,Julian Grater,"Grater, Julian",Julian,Grater,,,,,,697,Christopher Gray,"Gray, Christopher",Christopher,Gray,,,,,,454,Richard Grayson,"Grayson, Richard",Richard,Grayson,,,,,,1194,Roy Grayson,"Grayson, Roy",Roy,Grayson,,,,,,1212,Sally Greaves Lord,"Greaves Lord, Sally",Sally,Greaves Lord,,,,,,655,Krista Gregory,"Gregory, Krista",Krista,Gregory,,,,,,116,David Griffiths,"Griffiths, David",David,Griffiths,,,,,,374,Michael Grigsby,"Grigsby, Michael",Michael,Grigsby,1936,UK,UK,,,1521,Anthony Gross,"Gross, Anthony",Anthony,Gross,,,,,,897,Silke Grossmann,"Grossmann, Silke",Silke,Grossmann,,,,,,732,Group Show (see info),Group Show (see info),,Group Show (see info),,,,,,1003,Hetum Gruber,"Gruber, Hetum",Hetum,Gruber,,,Germany,,,540,Thomas Grünfeld,Grünfeld Thomas,Thomas,Grunfeld,,,,,,1512,Vaughan Grylls,"Grylls, Vaughan",Vaughan,Grylls,,,,,,1574,Marina Grzinic and Aina Smid,Grzinic & Smid,,Grzinic & Smid,,,,,,747,Carlos Guarita,"Guarita, Carlos",Carlos,Guarita ,,,Portugal,,,523,Sunil Gupta,"Gupta, Sunil",Sunil,Gupta,,,,,,885,Gennady Gushchin,"Gushchin, Gennady",Gennady,Gushchin,,,Russian Federation,,,1129,Habitat,Habitat,,Habitat,,,,,,912,Ilse Haider,"Haider, Ilse",Ilse,Haider,,,,,,363,Matthew Hale,"Hale, Matthew",Matthew,Hale,1962,,,,,656,Halford and Beard,"Halford and Beard, ",,Halford and Beard,,,,,,117,David Hall,"Hall, David",David,Hall,,,,,,1267,Maggi Hambling,"Hambling, Maggi",Maggi,Hambling,,,,,,1305,Ian Hamilton Finlay,"Hamilton Finlay, Ian",Ian,Hamilton Finlay,1925,Bahamas,UK,,,973,Richard Hamilton,"Hamilton, Richard",Richard,Hamilton,1922-2011,,UK,,,472,Roger Hammond,"Hammond, Roger",Roger,Hammond,,,,,,643,Richard Hancock,"Hancock, Richard",Richard,Hancock,,,,,,709,Jonny Hannah,"Hannah, Jonny",Jonny,Hannah,,,,,,166,Freya Hansell,"Hansell, Freya",Freya,Hansell,,,,,,1085,Gwen Hardie,"Hardie, Gwen",Gwen,Hardie,,,UK,,,759,Alexis Harding,"Harding, Alexis",Alexis,Harding,,,,,,255,Jim Harold,"Harold, Jim",Jim,Harold,,,,,,1097,Sarah Jane Harper,"Harper, Sarah",Sarah Jane,Harper,,,UK,,,1260,Harrania Workshop,Harrania Workshop,,Harrania Workshop,,,,,,243,Jane Harris,"Harris, Jane",Jane,Harris,,,,,,580,Yolande Harris,"Harris, Yolande",Yolande,Harris,,,,,,605,Paul Harrison,"Harrison, Paul",Paul,Harrison,,,,,,95,Claudia Hart,"Hart, Claudia",Claudia,Hart,,,,,,11,Alex Hartley,"Hartley, Alex",Alex,Hartley,,,,,,1576,Jun Hasegawa,"Hasegawa, Jun",Jun,Hasegawa,,,,,,1350,Ron Haselden,"Haselden, Ron",Ron,Haselden,1944,UK,UK,,,388,Mona Hatoum,"Hatoum, Mona",Mona,Hatoum,,,,,,1051,F. J. Haynes,"Haynes, F.J.",F,Haynes,1853-1921,USA,USA,,,1098,Sylvia Hays,"Hays, Sylvia",Sylvia,Hays,,,UK,,,946,Andy Hazell,"Hazell, Andy",Andy,Hazell,,,UK,,,543,Tim Head,"Head, Tim",Tim,Head,1946,UK,UK,,,947,Andrew Heaps,"Heaps, Andrew",Andrew,Heaps,,,UK,,,638,Matt Hearn and Sarah Warden,Hearn & Warden,,Hearn & Warden,,,,,,205,Henriette Heise,"Heise, Henriette",Henriette,Heise,,Copenhagen,Denmark,,,76,Charles Heller,"Heller, Charles",Charles,Heller,,,,,,520,Stewart Helm,"Helm, Stewart",Stewart,Helm,,,,,,172,Gerard Hemsworth,"Hemsworth, Gerard",Gerard,Hemsworth,,,,,,1146,Ewen Henderson,"Henderson, Ewen",Ewen,Henderson,,,,,,1264,Nigel Henderson,"Henderson, Nigel",Nigel,Henderson,1917-1985,,UK,,,262,Jochem Hendricks,"Hendricks, Jochem",Jochem,Hendricks,1959,Germany,Germany,,http://www.jochem-hendricks.de,1550,Nicola Henley,"Henley, Nicola",Nicola,Henley,,,,,,501,Silke Hennig,"Hennig, Silke",Silke,Hennig,,,,,,611,Julie Henry and Giles Perry,Henry & Perry,,Henry & Perry,,,,,,85,Chris Henschke,"Henschke, Chris",Chris,Henschke,1972,Australia,Australia,,,1271,John Henshaw,"Henshaw, John",John,Henshaw,,,,,,807,Barbara Hepworth,"Hepworth, Barbara",Barbara,Hepworth,1903-1975,UK,UK,,,491,Samuel Herbert,"Herbert, Samuel",Samuel,Herbert,,,,,,760,Katrine Herian,"Herian, Katrine",Katrine,Herian,,,,,,1147,Samuel Herman,"Herman, Samuel",Samuel,Herman,,,,,,1309,Georg Herold,"Herold, Georg",Georg,Herold,1947,Germany,Germany,,,419,Patrick Heron,"Heron, Patrick",Patrick,Heron,,,,,,1201,Ian Heseltine,"Heseltine, Ian",Ian,Heseltine,,,,,,102,Cornellia Hesse-Honneger,"Hesse-Honneger, Cornellia",Cornellia,Hesse-Honneger,,,,,,327,Lucy Heyward,"Heyward, Lucy",Lucy,Heyward,,,,,,286,Justin Hibbs,"Hibbs, Justin",Justin,Hibbs,,,,,,1044,David O. Hill and Robert Adamson,Hill & Adamson,,Hill & Adamson,1802-1870,UK,UK,,,1802-1870  1821-18481255,David Hill,"Hill, David",David,Hill,,,,,,526,Susan Hiller,"Hiller, Susan",Susan,Hiller,1940,USA,,,www.susanhiller.org,1066,John Hillers,"Hillers, John",John,Hillers,1843-1925,Germany,USA,,,269,John Hilliard,"Hilliard, John",John,Hilliard,,,,,,993,Ben Hillwood-Harris,"Hillwood-Harris, Ben",Ben,Hillwood-Harris,,,UK,,,937,Nobuko Hiroi,"Hiroi, Nobuko",Nobuko,Hiroi,,,Japan,,,671,Nakamura Hiroshi,"Hiroshi, Nakamura",Nakamura,Hiroshi,,,,,,828,Damien Hirst,"Hirst, Damien",Damien,Hirst,,,,,,1514,Ivon Hitchens,"Hitchens, Ivon",Ivon,Hitchens,,,,,,710,Philip Hoare,"Hoare, Philip",Philip,Hoare,,,,,,1256,Maureen Hodge,"Hodge, Maureen",Maureen,Hodge,,,,,,1249,Howard Hodgkin,"Hodgkin, Howard",Howard,Hodgkin,,,,,,435,Philippine Hoegen,"Hoegen, Philippine",Philippine,Hoegen,,,,,,2,Abbie Hoffman,"Hoffman, Abbie",Abbie,Hoffman,,,,,,568,William Hogarth,"Hogarth, William",William,Hogarth,,,,,,711,Kevin Holdaway,"Holdaway, Kevin",Kevin,Holdaway,,,,,,1223,Will Holder,"Holder, Will",Will,Holder,,,UK,,,108,Dan Holdsworth,"Holdsworth, Dan",Dan,Holdsworth,,,,,,1494,Wenceslaus Hollar,"Hollar, Wenceslaus",Wenceslaus,Hollar,1607-1677,,,,,231,James A. Holliday,"Holliday, James A.",James A.,Holliday,,,,,,608,Andrew Holligan,"Holligan, Andrew",Andrew,Holligan,,,,,,684,Hollington & Kyprianou,"Hollington & Kyprianou, ",,Hollington & Kyprianou,,,,,,601,Andrew Holmes,"Holmes, Andrew",Andrew,Holmes,,,,,,1551,Cas Holmes,"Holmes, Cas",Cas,Holmes,,,,,,1471,Nick Holmes,"Holmes, Nick",Nick,Holmes,,,,,,394,Nancy Holt,"Holt, Nancy",Nancy,Holt,,,,,,829,Jenny Holzer,"Holzer, Jenny",Jenny,Holzer,,,,,,1130,Cas Homes,"Homes, Cas",Cas,Homes,,,,,,81,Charlie Hooker,"Hooker, Charlie",Charlie,Hooker,,,,,,233,James Hopkins,"Hopkins, James",James,Hopkins,,,,,,784,Phill Hopkins,"Hopkins, Phill",Phill,Hopkins,1961,UK,,,,140,Eliza Hopps,"Hopps, Eliza",Eliza,Hopps,,,,,,169,Georgie Hopton,"Hopton, Georgie",Georgie,Hopton,,,,,,1015,Rebecca Horn,"Horn, Rebecca",Rebecca,Horn,,,Germany,,,751,Roni Horn,"Horn, Roni",Roni,Horn,,,,,,1502,Thomas Hornor,"Hornor, Thomas",Thomas,Hornor,1785-1844,,,,,1148,Jim Horrobin,"Horrobin, Jim",Jim,Horrobin,,,,,,1344,Ned Hoskins,"Hoskins, Ned",Ned,Hoskins,,,,,,198,Hedwig Houben,"Houben, Hedwig",Hedwig,Houben,,,,,,1268,Shirazeh Houshiary,"Houshiary, Shirazeh",Shirazeh,Houshiary,,,,,,948,Michael Howard,"Howard, Michael",Michael,Howard,,,UK,,,429,Pearl Hsiung,"Hsiung, Pearl",Pearl,Hsiung,,,,,,285,Julian Hughes Watts,"Hughes, Julian",Julian,Hughes,,,,,,846,Stephen Hughes,"Hughes, Stephen",Stephen,Hughes,,,UK,,,1513,John Huilliard,"Huilliard, John",John,Huilliard,,,,,,1099,Bhajan Hujan,"Hujan, Bhajan",Bhajan,Hujan,,,UK,,,1472,Howard Hull,"Hull, Howard",Howard,Hull,,,,,,830,Gary Hume,"Hume, Gary",Gary,Hume,,,,,,949,Tim Hunkin,"Hunkin, Tim",Tim,Hunkin,,,UK,,,1310,Bryan Hunt,"Hunt, Bryan",Bryan,Hunt,1947,USA,USA,,,1337,IBM UK,IBM UK,,IBM UK,,,,,,1571,Information Fiction Publicite (IFP),"IFP, Information",,Information Fiction Publicite (IFP),,,,,,676,Iguchi,"Iguchi, ",,Iguchi,,,,,,1082,William Illingworth and George Bill,Illingworth & Bill,William,Illingworth & Bill,1880s,USA,USA,,,500,Shona Illingworth,"Illingworth, Shona",Shona,Illingworth,,,,,,1166,Brian Illsley,"Illsley, Brian",Brian,Illsley,,,,,,160,Francisco Infante,"Infante, Francisco",Francisco,Infante,,,,,,509,Situationist International,"International, Situationist",Situationist,International,,,,,,156,Foreign Investment,"Investment, Foreign",Foreign,Investment,,,,,,224,Invisible Flock,"Invisible Flock, ",,Invisible Flock,,,,,,1524,Bert Irvin,"Irvin, Bert",Bert,Irvin,,,,,,622,Zoë Irvine,"Irvine, Zoë",Zoë,Irvine,,,,,,483,Runa Islam,"Islam, Runa",Runa,Islam,,,,,,368,Melanie Jackson,"Jackson, Melanie",Melanie,Jackson,,,,,,1081,William H Jackson,"Jackson, William",William,Jackson,1843-1942,USA,USA,,,46,Bill Jacobson,"Jacobson, Bill",Bill,Jacobson,,,,,,589,Zuzanna Janin,"Janin, Zuzanna",Zuzanna,Janin,,,Poland,,,128,Derek Jarman,"Jarman, Derek",Derek,Jarman,,,,,,1297,Pawe_ Jarodzki (Luxus Group),"Jarodzki, Pawe_",Pawe_,Jarodzki,,,Poland,,,1250,William Jefferies,"Jefferies, William",William,Jefferies,,,,,,1233,Eric Jenkins,"Jenkins, Eric",Eric,Jenkins,,,,,,1473,Chris Jennings,"Jennings, Chris",Chris,Jennings,,,,,,179,Peter Louis Jensen,"Jensen, Peter Louis",Peter Louis,Jensen,,,,,,776,Magdalena Jetelová,"Jetelová, Magdalena",Magdalena,Jetelová,1946,Czech Republic ,,,,211,Hu Jieming,"Jieming, Hu",Hu,Jieming,1957,China,China,,,370,Meng Jin,"Jin, Meng",Meng,Jin,1973,China,China,,,299,Kimura Toshiro Jinjin,"Jinjin, Kimura Toshiro",Kimura Toshiro,Jinjin,,,,,,1311,Alan Johnston,"Johnston, Alan",Alan,Johnston,1945,UK,UK,,,1052,Frances B. Johnston,"Johnston, Frances B.",Frances,Johnston,1864-1952,USA,USA,,,596,Stephen Johnstone,"Johnstone, Stephen",Stephen,Johnstone,,,,,,258,Joan Jonas,"Jonas, Joan",Joan,Jonas,,,,,,1118,Lucy Jones,"Jones, Lucy",Lucy,Jones,,,,,,477,Ronald Jones,"Jones, Ronald",Ronald,Jones,,,,,,1455,Wendy Jones,"Jones, Wendy",Wendy,Jones,,,,,,585,Zebedee Jones,"Jones, Zebedee",Zebedee,Jones,,,,,,36,Asger Jorn,"Jorn, Asger",Asger,Jorn,1914-1973,Denmark,Denmark,,,998,Peter Joseph,"Joseph, Peter",Peter,Joseph,,,,,,1229,Laura Joy,"Joy, Laura",Laura,Joy,,,UK,,www.laurajoy.co.uk,1504,"Robert Havell, Jr.","Jr, Robert",Robert,Havel Jr.,Fl. 1820-1850,,,,,225,Isaac Julien,"Julien, Isaac",Isaac,Julien,1960,"UK",UK,,,1563,Juneau Projects,Juneau Projects,,Juneau Projects,,,,,,Phil Duckworth and Ben Sadler913,Birgit Jürgenssen,"Jürgenssen, Birgit",Birgit,Jürgenssen,,,Austria,,,831,Ilya Kabakov,"Kabakov, Ilya",Ilya,Kabakov,,,,,,227,Ivan Kafka,"Kafka, Ivan",Ivan,Kafka,,,Czech Republic,,,320,Lisa Kahane,"Kahane, Lisa",Lisa,Kahane,,,,,,203,Helmut Kandl,"Kandl, Helmut",Helmut,Kandl,,,,,,1580,Alan Kane,"Kane, Alan",Alan,Kane,,,,,,1275,Anish Kapoor,"Kapoor, Anish",Anish,Kapoor,,,,,,53,Boenkyo kara no kokuji,"kara no kokuji, Boenkyo",Boenkyo,kara no kokuji,,,,,,1384,Suresh Karadia,"Karadia, Suresh",Suresh,Karadia,,,,,,350,Mark Karasick,"Karasick, Mark",Mark,Karasick,,,,,,1474,Caroline Kardia,"Kardia, Caroline",Caroline,Kardia,,,,,,1385,Mumtaz Karimjee,"Karimjee, Mumtaz",Mumtaz,Karimjee,,,,,,1058,Gertrude Kasebier,"Kasebier, Gertrude",Gertrude,Kasebier,1852-1934,USA,USA,,,761,On Kawara,"Kawara, On",On,Kawara,1932-2014,Japan,USA,,,832,Ali Kayley,"Kayley, Ali",Ali,Kayley,,,,,,650,Wladyslaw Kazmierczak,"Kazmierczak, Wladyslaw",Wladyslaw,Kazmierczak,,,,,,670,Katano Kazunori,"Kazunori, Katano",Katano,Kazunori,,,,,,544,Tina Keane,"Keane, Tina",Tina,Keane,1949,,,,,465,Rita Keegan,"Keegan, Rita",Rita,Keegan,,,,,,249,Jeff Keen,"Keen, Jeff",Jeff,Keen,,,,,,1312,Steve Keister,"Keister, Steve",Steve,Keister,1949,USA,USA,,,289,Karoly Keleman,"Keleman, Karoly",Karoly,Keleman,,,Hungary,,,360,Mary Kelly,"Kelly, Mary",Mary,Kelly,,,,,,644,Traci Kelly,"Kelly, Traci",Traci,Kelly,,,,,,1386,Roshini Kempadoo,"Kempadoo, Roshini",Roshini,Kempadoo,,,,,,1476,George Kennethson,"Kennethson, George",George,Kennethson,,,,,,804,Eric Kennington,"Kennington, Eric",Eric,Kennington,1888-1960,UK,UK,,,615,Kathy Kenny,"Kenny, Kathy",Kathy,Kenny,,,,,,772,Michael Kenny,"Kenny, Michael",Michael,Kenny,1941,UK, ,,,92,Claire Kerr,"Kerr, Claire",Claire,Kerr,,,,,,379,Mick Kerr,"Kerr, Mick",Mick,Kerr,,,,,,259,Joan Key,"Key, Joan",Joan,Key,1948,,,,,1149,Ray Key,"Key, Ray",Ray,Key,,,,,,217,Ian Kiaer,"Kiaer, Ian",Ian,Kiaer,,,,,,415,Oliver Kilbourn,"Kilbourn, Oliver",Oliver,Kilbourn,,,,,,301,KINGDOM,KINGDOM,,KINGDOM,,,UK,,http://discursivevisitors.tumblr.com/,270,John Kippin,"Kippin, John",John,Kippin,,,,,,1124,John Kirby,"Kirby, John",John,Kirby,,,,,,1251,Valerie Kirk,"Kirk, Valerie",Valerie,Kirk,,,,,,431,Per Kirkeby,"Kirkeby, Per",Per,Kirkeby,,,,,,628,Wendy Kirkup,"Kirkup, Wendy",Wendy,Kirkup,,,,,,455,Richard Kirwan,"Kirwan, Richard",Richard,Kirwan,,,,,,1522,R.B. Kitaj,"Kitaj, R.B.",R.B.,Kitaj,,,,,,497,Sharon Kivland,"Kivland, Sharon",Sharon,Kivland,,,,,,413,Ohtsuji Kiyoji (Gutai Group),"Kiyoji, Ohtsuji",Ohtsuji,Kiyoji,,,,,,1017,Jürgen Klauke,"Klauke, Jürgen",Jürgen,Klauke,,,Germany,,,833,Yves Klein,"Klein, Yves",Yves,Klein,1928-1962,France,France,,,513,Steffi Klenz,"Klenz , Steffi",Steffi,Klenz ,,,,,,221,Immo Klink,"Klink, Immo",Immo,Klink,,,,,,555,Ute Klophaus,"Klophaus, Ute",Ute,Klophaus,,,,,,1288,Leszek Knaplewski,"Knaplewski, Leszek",Leszek,Knaplewski,,,Poland,,,1235,Stefan Knapp,"Knapp, Stefan",Stefan,Knapp,,,,,,1179,Karen Knorr,"Knorr, Karen",Karen,Knorr,,,,,,712,Lin Knott,"Knott, Lin",Lin,Knott,,,,,,930,Masakazu Kobayashi,"Kobayashi, Masakazu",Masakazu,Kobayashi,,,Japan,,,929,Naomi Kobayashi,"Kobayashi, Naomi",Naomi,Kobayashi,,,Japan,,,728,Komar and Melamid,"Komar and Melamid, ",,Komar and Melamid,,,,,,1035,Anne Koniger,"Koniger, Anne",Anne,Koniger,1910s,Germany,USA,,,332,Magdalena Kopp,"Kopp, Magdalena",Magdalena,Kopp,,,,,,315,Leon Kossoff,"Kossoff, Leon",Leon,Kossoff,1926,,,,,152,Eva Kotátková,"Kotátková, Eva",Eva,Kotátková,,,,,,252,Jennifer Kotter,"Kotter, Jennifer",Jennifer,Kotter,,,,,,1172,Josef Koudelka,"Koudelka, Josef",Josef,Koudelka,1938,Czech,France,,,834,Jannis Kounellis,"Kounellis, Jannis",Jannis,Kounellis,,,,,,835,Tania Kovats,"Kovats, Tania",Tania,Kovats,,,,,,1313,Brigitte Kowanz,"Kowanz, Brigitte",Brigitte,Kowanz,1957,Austria,Austria,,,847,Dimitris Kozaris,"Kozaris, Dimitris",Dimitris,Kozaris,,,Italy,,,141,Elizabeth Koziman-Ledward,"Koziman-Ledward, Elizabeth",Elizabeth,Koziman-Ledward,,,,,,256,Jiri Kratochvil,"Kratochvil, Jiri",Jiri,Kratochvil,,,,,,303,Kitty Kraus,"Kraus, Kitty",Kitty,Kraus,,,,,,304,Kurt Kren,"Kren, Kurt",Kurt,Kren,,,,,,816,Brigitte Krenkers,"Krenkers, Brigitte",Brigitte,Krenkers,,,,,,1534,Rainer Kriester,"Kriester, Rainer",Rainer,Kriester,,,Germany,,,1252,Miranda Kudibalova,"Kudibalova, Miranda",Miranda,Kudibalova,,,,,,588,Zofia Külik,"Külik, Zofia",Zofia,Külik,,,Poland,,,886,Vladimir Kupreanov,"Kupreanov, Vladimir",Vladimir,Kupreanov,,,Russian Federation,,,1577,Ryota Kuwakubo,"Kuwakubo, Ryota",Ryota,Kuwakubo,,,,,,1207,Richard La Trobe Bateman,"La Trobe Bateman, Richard",Richard,La Trobe Bateman,,,,,,62,Bruce Lacey,"Lacey, Bruce",Bruce,Lacey,,,,,,1191,Denis Laget,"Laget, Denis",Denis,Laget,,,France,,,436,Phillip Lai,"Lai, Phillip",Phillip,Lai,,,,,,145,Emmanuelle Lainé,"Lainé, Emmanuelle",Emmanuelle,Lainé,,,,,,762,Maria Lali_,"Lali_, Maria",Maria,Lali_,,,,,,329,Luisa Lambri,"Lambri, Luisa",Luisa,Lambri,,,,,,118,David Lamelas,"Lamelas, David",David,Lamelas,,,,,,1525,Mark Lancaster,"Lancaster, Mark",Mark,Lancaster,,,,,,848,Alex Landrum,"Landrum, Alex",Alex,Landrum,,,UK,,,110,Darcy Lange,"Lange, Darcy",Darcy,Lange,,,,,,950,Oliver Langham,"Langham, Oliver",Oliver,Langham,,,UK,,,602,Langlands & Bell,Langlands & Bell,,Langlands & Bell,,,,,,228,Ivy Langton,"Langton, Ivy",Ivy,Langton,,,,,,1413,Jacqui Lansley,"Lansley, Jacqui",Jacqui,Lansley,,,,,,1107,Alvara Lapa,"Lapa, Alvara",Alvara,Lapa,1939,Portugal,Portugal,,,276,Jonathan Lasker,"Lasker, Jonathan",Jonathan,Lasker,,,,,,271,John Latham,"Latham, John",John,Latham,1921–2006,Zambia,UK,,,32,Antonio Lauer,"Lauer, Antonio",Antonio,Lauer,,,,,,(formerly known as Tomislav Gotovac)548,Torsten Lauschmann,"Lauschmann, Torsten",Torsten,Lauschmann,1970,Germany,Germany,,,974,Bertrand Lavier,"Lavier, Bertrand",Bertrand,Lavier,1949,,France,,,244,Jane Lawson,"Lawson, Jane",Jane,Lawson,,,,,,1001,Brian Lawtey,"Lawtey, Brian",Brian,Lawtey,,,,,,1131,Sue Lawty,"Lawty, Sue",Sue,Lawty,,,,,,1290,Edward _azikowski,"_azikowski, Edward",Edward,_azikowski,,,Poland,,,1326,Le Corbusier,Le Corbusier,,Le Corbusier,1887-1965,France,France,,,333,Malcolm le Grice,"le Grice, Malcolm",Malcolm,le Grice,,,,,,821,Sol Le Witt,"Le Witt, Sol",Sol,Le Witt,,,,,,999,Edwina Leapman,"Leapman, Edwina",Edwina,Leapman,,,,,,975,Ange Leccia,"Leccia, Ange",Ange,Leccia,,,,,,803,Gilbert Ledward,"Ledward, Gilbert",Gilbert,Ledward,1888-1960,UK,,,,476,Rona Lee,"Lee, Rona",Rona,Lee,,,,,,689,Henri Lefebvre,"Lefebvre, Henri",Henri,Lefebvre,,,,,,383,Mike Leggett,"Leggett, Mike",Mike,Leggett,,,,,,583,Yuri Leiderman,"Leiderman, Yuri",Yuri,Leiderman,,,,,,1086,Patricia Leighton,"Leighton, Patricia",Patricia,Leighton,,,,,,1008,Barbara & Michael Leisgen,"Leisgen, Barbara and Michael",Barbara and Michael,Leisgen,,,Germany,,,288,Karl Lemieux,"Lemieux, Karl",Karl,Lemieux,,,Canada,,,1059,Helmar Lerski,"Lerski, Helmar",Helmar,Lerski,1871-1957,France,Swiss,,,1423,Les Levine,"Levine, Les",Les,Levine,,,,,,603,Marysia Lewandowska,"Lewandowska, Marysia",Marysia,Lewandowska,,,,,,351,Mark Lewis,"Lewis, Mark",Mark,Lewis,1958,Canada,"Canada, UK",,,965,Micah Lexier,"Lexier, Micah",Micah,Lexier,,,Canada,,,1289,Zbigniew Libera,"Libera, Zbigniew",Zbigniew,Libera,,,Poland,,,976,Simon Linke,"Linke, Simon",Simon,Linke,,,,,,1535,Elke Lixfeld,"Lixfeld, Elke",Elke,Lixfeld,,,Germany,,,713,Peter Lloyd,"Lloyd, Peter",Peter,Lloyd,,,,,,763,Thomas Locher,"Locher, Thomas",Thomas,Locher,,,,,,849,Brad Lochore,"Lochore, Brad",Brad,Lochore,,,UK,,,1585,Andrew Logan,"Logan, Andrew",Andrew,Logan,,,,,,1180,Yve Lomax,"Lomax, Yve",Yve,Lomax,,,,,,456,Richard Long,"Long, Richard",Richard,Long,,,,,,1498,Thomas Longcroft,"Longcroft, Thomas",Thomas,Longcroft,Fl. 1786-1793,,,,,741,Gérard Castello Lopes,"Lopes , Gérard Castello",Gérard Castello,Lopes ,,,Portugal,,,557,Valeriano Lopez Dominguez,"Lopez Dominguez, Valeriano",Valeriano,Lopez Dominguez,,,,,,1150,Andrew Lord,"Lord, Andrew",Andrew,Lord,,,,,,1076,Pierre Loti,"Loti, Pierre",Pierre,Loti,1850-1923,France,France,,,60,Brighid Lowe,"Lowe, Brighid",Brighid,Lowe,1965,,UK,,,1151,Gillian Lowndes,"Lowndes, Gillian",Gillian,Lowndes,,,,,,1314,Alvin Lucier,"Lucier, Alvin",Alvin,Lucier,1931,USA,USA,,,1291,Hanna _uczak,"_uczak, Hanna",Hanna,_uczak,,,Poland,,,836,Jeff Luke,"Luke, Jeff",Jeff,Luke,,,,,,1038,Antoine Lumiere,"Lumiere, Antoine",Antoine,Lumiere,1870s,France,France,,,1236,Jean Lurcat,"Lurcat, Jean",Jean,Lurcat,,,,,,1315,Urs Lüthi,"Lüthi, Urs",Urs,Lüthi,1947,Switzerland,Germany,,,1296,Luxus Group,"Luxus Group,  ", ,Luxus Group,,,Poland,,http://culture.pl/en/artist/luxus-group,810,Jorge Macchi,"Macchi, Jorge",Jorge,Macchi,,Argentina,,,,1478,Ian Macdonald,"Macdonald, Ian",Ian,Macdonald,,,,,,1448,Sandy Mackilligin,"Mackilligin, Sandy",Sandy,Mackilligin,,,,,,63,Bruce MacLean,"MacLean, Bruce",Bruce,Maclean,,,,,,9,Alastair Maclennan,"Maclennan, Alastair",Alastair,Maclennan,1943,UK,,,,485,Ruth Maclennan,"Maclennan, Ruth",Ruth,Maclennan,,,,,,298,Kenny Macleod,"Macleod, Kenny",Kenny,Macleod,,,,,,979,Tim Maguire,"Maguire, Tim",Tim,Maguire,1958,,UK,,http://tim-maguire.com,1181,Mari Mahr,"Mahr, Mari",Mari,Mahr,,,,,,1202,John Makepeace,"Makepeace, John",John,Makepeace,,,,,,530,Taus Makhacheva,"Makhacheva, Taus",Taus,Makhacheva,,,,,,632,Helena Maleno,"Maleno, Helena",Helena,Maleno,,,,,,619,Mally Mallinson,"Mallinson, Mally",Mally,Mallinson,,,,,,1167,Jim Malone,"Malone, Jim",Jim,Malone,,,,,,951,John Maltby,"Maltby, John",John,Maltby,,,UK,,,714,Sarah Mander,"Mander, Sarah",Sarah,Mander,,,,,,39,Babette Mangolte,"Mangolte, Babette",Babette,Mangolte,,,,,,164,Fred Mann,"Mann, Fred",Fred,Mann,,,,,,952,Tony Mann,"Mann, Tony",Tony,Mann,,,UK,,,1300,Matthias Mansen,"Mansen, Matthias",Matthias,Mansen,,Germany,France,,,715,Jutta Manser,"Manser, Jutta",Jutta,Manser,,,,,,1100,Andrew Mansfield,"Mansfield, Andrew",Andrew,Mansfield,,,UK,,,466,Robert Mapplethorpe,"Mapplethorpe, Robert",Robert,Mapplethorpe,,,,,,124,Debora Marcati,"Marcati, Debora",Debora,Marcati,,,,,,356,Marta Marcé,"Marcé, Marta",Marta,Marcé,,,,,,1523,Leonard Marchant,"Marchant, Leonard",Leonard,Marchant,,,,,,532,Teresa Margolles,"Margolles, Teresa",Teresa,Margolles,,,,,,1316,Helmut Mark,"Mark, Helmut",Helmut,Mark,1958,Austria,Austria,,,953,Peter Markey,"Markey, Peter",Peter,Markey,,,UK,,,719,Knut Maron,"Maron, Knut",Knut,Maron,,,,,,1449,Bert Marsh,"Marsh, Bert",Bert,Marsh,,,,,,735,Kenneth Martin,"Martin, Kenneth",Kenneth,Martin,,,,,,1536,Marwan,Marwan,,Marwan,,,Germany,,,693,Karl Marx,"Marx, Karl",Karl,Marx,,,,,,669,Tezuka Masato,"Masato, Tezuka",Tezuka,Masato,,,,,,1479,Denis Masi,"Masi, Denis",Denis,Masi,,,,,,1074,Nevil Story-Maskelyne,"Maskelyne, Nevil",Nevil,Maskelyne,1811-1894,UK,UK,,,77,Charles Mason,"Mason, Charles",Charles,Mason,,,,,,361,Massal,"Massal, ",,Massal,,,,,,1244,Fiona Mathison,"Mathison, Fiona",Fiona,Mathison,,,,,,96,Claudia Matzko,"Matzko, Claudia",Claudia,Matzko,1956,,USA,,,673,Alice Maude-Roxby,"Maude-Roxby, Alice",Alice,Maude-Roxby,,,,,,321,Lisa May Post,"May Post, Lisa ",Lisa ,May Post,,,,,,1329,Nicholas May,"May, Nicholas",Nicholas,May,,,,,,479,Rosemary Mayer,"Mayer, Rosemary",Rosemary,Mayer,,,,,,626,Julian Maynard,"Maynard, Julian",Julian,Maynard,,,,,,165,Fred W. McDarrah,"Mc Darrah, Fred W.",Fred W.,Mc Darrah,,,,,,31,Anthony McCall,"McCall, Anthony",Anthony,McCall,,,,,,756,Allan McCollum,"McCollum, Allan",Allan,McCollum,,,,,,1446,Ron McCormick,"McCormick, Ron",Ron,McCormick,,,,,,468,Robert R. McElroy,"McElroy, Robert R.",Robert R.,McElroy,,,,,,837,Adam Mcewen,"Mcewen, Adam",Adam,Mcewen,,,,,,100,Conor McFeely,"McFeely, Conor",Conor,McFeely,,,,,www.mentalimage.org.uk/,1216,Ian McKeever,"McKeever, Ian",Ian,McKeever,,,,,,328,Lucy McKenzie,"McKenzie, Lucy",Lucy,McKenzie,,,,,,334,Malcolm McLaren,"McLaren, Malcolm",Malcolm,McLaren,,,,,,515,Stephen McLaren,"McLaren, Stephen",Stephen,McLaren,,,,,,64,Bruce McLean,"McLean, Bruce",Bruce,McLean,,,,,,123,Dean McNeil,"McNeil, Dean",Dean,McNeil,,,,,,1153,Carol McNicoll,"McNicoll, Carol",Carol,McNicoll,,,,,,767,Bernard Meadows,"Meadows, Bernard",Bernard,Meadows,1915,UK,,,,1002,John Meadows,"Meadows, John",John,Meadows,,,,,,119,David Medalla,"Medalla, David",David,Medalla,,,,,,616,Andrea Medjesi-Jones,"Medjesi-Jones, Andrea",Andrea,Medjesi-Jones,,,,,,150,Erricos Meiiones,"Meiiones, Erricos",Erricos,Meiiones,,,,,,20,Ana Mendieta,"Mendieta, Ana",Ana,Mendieta,,,,,,1387,Shaheen Merali,"Merali, Shaheen",Shaheen,Merali,,,,,,182,Gustav Metzger,"Metzger, Gustav",Gustav,METZGER,1926,,,,,779,George Meyrick,"Meyrick, George",George,Meyrick,1953,UK ,,,,787,John Michael Rysbrack,"Michael Rysbrack, John",John,Michael Rysbrack,1694-1770,Belgium , London,,,1168,Duane Michals,"Michals, Duane",Duane,Michals,,,,,,28,Anne Michie,"Michie, Anne",Anne,Michie,,,,,,1537,Helmut Middendorf,"Middendorf, Helmut",Helmut,Middendorf,,,Germany,,,887,Boris Mikailov,"Mikailov, Boris",Boris,Mikailov,,,Russian Federation,,,1022,John Miles,"Miles, John",John,Miles,,,UK,,,254,Jeremy Millar,"Millar, Jeremy",Jeremy,Millar,1970,UK,UK,,http://www.jeremymillar.org/,1119,Alain Miller,"Miller, Alain",Alain,Miller,,,,,,997,Garry Fabian Miller,"Miller, Garry Fabian",Garry Fabian,Miller,1957,,UK,,http://garryfabianmiller.com,1480,Gary G. Miller,"Miller, Gary",Gary,Miller,,,,,,988,John Miller,"Miller, John",John,Miller,,,,,,1431,Lesley Miller,"Miller, Lesley",Lesley,Miller,,,,,,1343,David Mills,"Mills, David",David,Mills,,,,,,954,Jon Mills,"Mills, Jon",Jon,Mills,,,UK,,,1530,Richard Mills,"Mills, Richard",Richard,Mills,,,,,,868,Antoni Miralda,"Miralda, Antoni",Antoni,Miralda,,,"Spain, Catalan",,,871,Josefina Miralles,"Miralles, Josefina",Josefina,Miralles,,,"Spain, Catalan",,,736,Neil Misrahi,"Misrahi, Neil",Neil,Misrahi,,,,,,1484,Martin Mitchell,"Mitchell, Martin",Martin,Mitchell,,,,,,935,Jun Mitsuhashi,"Mitsuhashi, Jun",Jun,Mitsuhashi,,,Japan,,,12,Alex Mlynarcik,"Mlynarcik, Alex",Alex,Mlynarcik,,,Slovenia ,,,955,Adrian Moakes,"Moakes, Adrian",Adrian,Moakes,,,UK,,,1292,Jaros_aw Modzelewski,"Modzelewski, Jaros_aw",Jaros_aw,Modzelewski,,,Poland,,,550,Tracey Moffatt,"Moffatt, Tracey",Tracey,Moffatt,,,,,,1583,Kikuhata Mokuma,"Mokuma, Kikuhata",Kikuhata,Mokuma,,,,,,279,Jorge Molder,"Molder, Jorge",Jorge,Molder,,,Portugal,,,1087,Jennie Moncur,"Moncur, Jennie",Jennie,Moncur,,,,,,218,Ian Monroe,"Monroe, Ian",Ian,Monroe,,,,,,928,Torres Monsó,"Monsó, Torres",Torres,Monsó,,,"Spain, Catalonia",,,737,Jeremy Moon,"Moon, Jeremy",Jeremy,Moon,,,,,,1247,John Mooney,"Mooney, John",John,Mooney,,,,,,806,Henry Moore,"Moore, Henry",Henry,Moore,1898-1986,UK,UK,,,434,Peter Moore,"Moore, Peter",Peter,Moore,,,,,,1108,Graça Morais,"Morais, Graça",Graça,Morais,1948,Portugal,Portugal,,,1279,François Morellet,"Morellet, François",François,Morellet,,,France,,,1272,Eleanor Moreton,"Moreton, Eleanor",Eleanor,Moreton,,,,,,186,Guy Moreton,"Moreton, Guy",Guy,Moreton,,,,,,1088,Morgan & Oates,Morgan & Oates,,Morgan & Oates,,,,,,343,Mariko Mori,"Mori, Mariko",Mariko,Mori,,,,,,335,Malcolm Morley,"Morley, Malcolm",Malcolm,Morley,,,,,,13,Alex Morrison,"Morrison, Alex",Alex,Morrison,,,,,,1083,William Mortensen ,"Mortensen, William",William,Mortensen,1897-1965,USA,USA,,,982,Joanna Moss,"Moss, Joanna",Joanna,Moss,,,,,,989,Joanna Moss,"Moss, Joanna",Joanna,Moss,,,,,,1388,Mount Pleasant Photography Workshop,Mount Pleasant Photography Workshop,,Mount Pleasant Photography Workshop,,,,,,88,Christian-Philipp Müller,"Müller, Christian-Philipp",Christian-Philipp,Müller,,,,,,1040,Ben Mulock,"Mulock, Ben",Ben,Mulock,1860's,UK,UK,,,1047,Eduard Munch,"Munch, Eduard",Eduard,Munch,1863-1944,Norway,Norway,,,389,Morikawa Munenori,"Munenori, Morikawa",Morikawa,Munenori,,,,,,633,Alex Munoz,"Munoz, Alex",Alex,Munoz,,,,,,873,Antoni Muntadas,"Muntadas, Antoni",Antoni,Muntadas,,,"Spain, Catalan",,,546,Tomoyasu Murata,"Murata, Tomoyasu",Tomoyasu,Murata,,,,,,1175,John Murphy,"Murphy, John",John,Murphy,,,,,,120,David Musgrave,"Musgrave, David",David,Musgrave,,,,,,52,Bo Myers,"Myers, Bo",Bo,Myers,,,,,,1057,Gaspar-F. Nadar,"Nadar, Gaspar",Gaspar,Nadar,,,,,,627,Pat Naldi and Wendy Kirkup,Naldi & Kirkup,,Naldi & Kirkup,,,,,,3,Adam Nankervis,"Nankervis, Adam",Adam,Nankervis,,,,,,78,Charles Napier,"Napier, Charles",Charles,Napier,,,,,,774,David Nash,"Nash, David",David,Nash,1945,UK,,,,392,Nakanishi Natsuyuki,"Natsuyuki, Nakanishi",Nakanishi,Natsuyuki,,,,,,65,Bruce Nauman,"Nauman, Bruce",Bruce,Nauman,,,,,,1416,Paul Negau,"Negau, Paul",Paul,Negau,,,,,,1042,Charles Negre,"Negre, Charles",Charles,Negre,1820-1880,France,France,,,956,Frank Nelson,"Nelson, Frank",Frank,Nelson,,,UK,,,1538,Max Neumann,"Neumann, Max",Max,Neumann,,,Germany,,,1152,Stephen Newell,"Newell, Stephen",Stephen,Newell,,,,,,1482,Gerald Newman,"Newman, Gerald",Gerald,Newman,,,,,,1579,Hayley Newman,"Newman, Hayley",Hayley,Newman,,,,,,957,Keith Newstead,"Newstead, Keith",Keith,Newstead,,,UK,,,1089,John Newton,"Newton, John",John,Newton,,,,,,27,Annabel Nicholson,"Nicholson, Annabel",Annabel,Nicholson,,,,,,1450,Peter Niczewski,"Niczewski, Peter",Peter,Niczewski,,,,,,926,Niebla,Niebla,,Niebla,,,"Spain, Catalonia",,,467,Robert Nielsen,"Nielsen, Robert",Robert,Nielsen,,,,,,858,Petr Nikl,"Nikl, Petr",Petr,Nikl,,,Czech Republic,,,323,Louis Nixon,"Nixon, Louis",Louis,Nixon,,,,,,426,Paul Noble,"Noble, Paul",Paul,Noble,,,,,,325,Lucia Nogueira,"Nogueira, Lucia",Lucia,Nogueira,1950-1998,,,,,870,Pere Noguera,"Noguera, Pere",Pere,Noguera,,,"Spain, Catalan",,,841,Richard Nonas,"Nonas, Richard",Richard,Nonas,,USA,,,,48,Bjørn Nørgaard,"Nørgaard, Bjørn",Bjørn,Nørgaard,,,,,,667,Norman McLaren & Helen Biggar,Norman McLaren & Helen Biggar,,Norman McLaren & Helen Biggar,,,,,,409,Nils Norman,"Norman, Nils",Nils,Norman,,,,,,742,Paulo Nozolino,"Nozolino , Paulo",Paulo,Nozolino ,,,Portugal,,,898,Dore O.,"O, Dore",Dore,O.,,,,,,1543,Breon O'Casey,"O'Casey, Breon",Breon,O'Casey,,,,,,1483,Terence O'Malley,"O'Malley, Terence",Terence,O'Malley,,,,,,302,Kira O’Reilly,"O’Reilly, Kira",Kira,O’Reilly,,,,,,1080,Timothy O'Sullivan,"O'Sullivan, Timothy",Timothy,O'Sullivan,c1840-1882,USA,USA,,,44,Beltran Obregon,"Obregon, Beltran",Beltran,Obregon,,,,,,990,Henry Obuabang,"Obuabang, Henry",Henry,Obuabang,,,,,,214,Humphrey Ocean,"Ocean, Humphrey",Humphrey,Ocean,,,,,,411,Office of Experiments (Autonomous Researcher Collection),Office of Experiments,,Office of Experiments (Autonomous Researcher Collection),,,,,,1570,Ahmet Ö_üt,"Ö_üt, Ahmet",Ahmet,Ö_üt,,,,,,412,OHO,OHO,,OHO,,,"Slovenia, Group active 1966-1971",,,770,Claes Oldenburg,"Oldenburg, Claes",Claes,Oldenburg,1929,Sweden ,,,,261,João Onofre,"Onofre, João",João,Onofre,,,,,,980,Glen Onwin,"Onwin, Glen",Glen,Onwin,,,UK,,,127,Dennis Oppenheim,"Oppenheim, Dennis",Dennis,Oppenheim,1938-2011,USA,USA,,,552,Uriel Orlow,"Orlow, Uriel",Uriel,Orlow,,,,,,1517,Bill Owens,"Owens, Bill",Bill,Owens,,USA,USA,,,872,Jordi Pablo,"Pablo, Jordi",Jordi,Pablo,,,"Spain, Catalan",,,450,Ria Pacquèe,"Pacquèe, Ria",Ria,Pacquèe,,,,,,1084,Roger Palmer,"Palmer, Roger",Roger,Palmer,,,UK,,,175,Gina Pane,"Pane, Gina",Gina,Pane,,,,,,769,Eduardo Paolozzi,"Paolozzi, Eduardo",Eduardo,Paolozzi,1924,UK,,,,313,Leda Papaconstantinou,"Papaconstantinou, Leda",Leda,Papaconstantinou,,,,,,130,Dimitris Papadimas,"Papadimas, Dimitris",Dimitris,Papadimas,,,,,,247,Jayne Parker,"Parker, Jayne",Jayne,Parker,1957,,,,,1390,Pratibha Parmar,"Parmar, Pratibha",Pratibha,Parmar,,,,,,1436,Martin Parr,"Parr, Martin",Martin,Parr,,,,,,277,Jonathan Parsons,"Parsons, Jonathan",Jonathan,Parsons,,,,,,1154,Jim Partridge,"Partridge, Jim",Jim,Partridge,,,,,,1203,Nicholas Partridge,"Partridge, Nicholas",Nicholas,Partridge,,,,,,1025,Dominique Pascualini,"Pascualini, Dominique",Dominique,Pascualini,,,France,,,207,Hetain Patel,"Patel, Hetain",Hetain,Patel,1980,UK,UK,,http://www.hansardgallery.org.uk/event-detail/80-hetain-patel-love-and-marriage/,230,Jaimini Patel,"Patel, Jaimini",Jaimini,Patel,,,,,,505,Simon Patterson,"Patterson, Simon",Simon,Patterson,,,,,,927,Patxé,Patxé,,Patxé,,,"Spain, Catalonia",,,1293,W_odomierz Pawlak,"Pawlak, W_odomierz",W_odomierz,Pawlak,,,Poland,,,875,Carles Pazos,"Pazos, Carles",Carles,Pazos,,,"Spain, Catalan",,,1432,Colin Pearson,"Pearson, Colin",Colin,Pearson,,,,,,1067,Jozsef Pecsi,"Pecsi, Jozsef",Jozsef,Pecsi,1889-1956,Hungary,Hungary,,,375,Michael Peel,"Peel, Michael",Michael,Peel,,,,,,1331,"R.O. Peitgen and P.H. Richter, FRG.",Peitgen and Richter,,Peitgen and Richter,,,,,,1485,Cressida Pemberton-Piggott,"Pemberton-Piggott, Cressida",Cressida,Pemberton-Piggott,,,,,,729,Giuseppe Penone,"Penone, Giuseppe",Giuseppe,Penone,,,,,,1317,Guiseppe Penone,"Penone, Guiseppe",Guiseppe,Penone,1947,Italy,Italy,,,428,Pavel Pepperstein,"Pepperstein, Pavel",Pavel,Pepperstein,,,,,,432,Performance magazine,"Performance magazine,",Performance,magazine,,,,,,648,Miguel Perreira,"Perreira, Miguel",Miguel,Perreira,,,,,,612,Giles Perry,"Perry, Giles",Giles,Perry,,,,,,1204,Alan Peters,"Peters, Alan",Alan,Peters,,,,,,1077,Pierre Petit,"Petit, Pierre",Pierre,Petit,1832,France,France,,,1451,Mick Petts,"Petts, Mick",Mick,Petts,,,,,,142,Elizabeth Peyton,"Peyton, Elizabeth",Elizabeth,Peyton,,,,,,1246,Tom Phillips,"Phillips, Tom",Tom,Phillips,,,,,,1155,William Phipps,"Phipps, William",William,Phipps,,,,,,746,Mariano Piçarra,"Piçarra, Mariano",Mariano,Piçarra,,,Portugal,,,838,Hadrian Pigott,"Pigott, Hadrian",Hadrian,Pigott,,,,,,97,Claudia Pilsl,"Pilsl, Claudia",Claudia,Pilsl,,,,,,1156,Henry Pim,"Pim, Henry",Henry,Pim,,,,,,352,Mark Pimlott,"Pimlott, Mark",Mark,Pimlott,,,,,,376,Michael Pinsky,"Pinsky, Michael",Michael,Pinsky,,,,,www.michaelpinsky.com,5,Adrian Piper,"Piper, Adrian",Adrian,Piper,,,,,,496,Sex Pistols,"Pistols, Sex",Sex,Pistols,,,,,,621,Anna Piva,"Piva, Anna",Anna,Piva,,,,,,1496,Francis Place,"Place, Francis",Francis,Place,1647-1728,,,,,773,Carl Plackman,"Plackman, Carl",Carl,Plackman,1943,UK,,,,614,Vanda Playford and Kathy Kenny,Playford & Kenny,,Playford & Kenny,,,,,,416,Olivia Plender,"Plender, Olivia",Olivia,Plender,,,,,,1192,Jean-Luc Poivert,"Poivert, Jean-Luc",Jean-Luc,Poivert,,,France,,,683,Polak and van Bekkum,Polak and van Bekkum,,Polak and van Bekkum,,,,,http://www.polakvanbekkum.com/,1325,Steve Poleskie,"Poleskie, Steve",Steve,Poleskie,,,USA,,,658,Jane Pollard,"Pollard, Jane",Jane,Pollard,,,,,,1157,Jacqui Poncelet,"Poncelet, Jacqui",Jacqui,Poncelet,,,,,,877,Josep Ponsatí,"Ponsatí, Josep",Josep,Ponsatí,,,"Spain, Catalan",,,1061,Herbert Ponting,"Ponting, Herbert",Herbert,Ponting,1871-1935,UK,UK,,,1457,Nicholas Pope,"Pope, Nicholas",Nicholas,Pope,1949,UK,UK,,,506,Simon Pope,"Pope, Simon",Simon,Pope,1966,UK,UK,,http://www.mutualart.com/OpenExternalArticle/Simon-Pope--Memory-Marathon-at-John-Hans/11693E9B4BA755B5,1109,Pedro Portugal,"Portugal, Pedro",Pedro,Portugal,1963,Portugal,Portugal,,,83,Charlotte Posenenske,"Posenenske, Charlotte",Charlotte,Posenenske,1930–1985,Germany,Germany,,,489,Sally Potter,"Potter, Sally",Sally,Potter,,,,,,420,Patrick Pound,"Pound, Patrick",Patrick,Pound,1962,,New Zealand,,,569,William Powell,"Powell, William",William,Powell,,,,,,353,Mark Power,"Power, Mark",Mark,Power,,,,,,21,Ana Prada,"Prada, Ana",Ana,Prada,,,,,,1486,Francesca Pratt,"Pratt, Francesca",Francesca,Pratt,,,,,,293,Katie Pratt,"Pratt, Katie",Katie,Pratt,,,,,,292,Kathy Prendergast,"Prendergast, Kathy",Kathy,Prendergast,1958,Ireland,UK,,,716,Jo Price,"Price, Jo",Jo,Price,,,,,,1110,Pedro Proença,"Proença, Pedro",Pedro,Proença,1962,Portugal,Portugal,,,665,Alex Prokop,"Prokop, Alex",Alex,Prokop,,,,,,1294,Joanna Przyby_a,"Przyby_a, Joanna",Joanna,Przyby_a,,,Poland,,,874,Carles Pujol,"Pujol, Carles",Carles,Pujol,,,"Spain, Catalan",,,995,Michael Punt,"Punt, Michael",Michael,Punts,,,UK,,,1158,David Pye,"Pye, David",David,Pye,,,,,,1507,"David Roberts, R.A.","R.A, David",David,Roberts,1796-1864,,,,,570,William Raban,"Raban, William",William,Raban,,,,,,879,Joan Rabascall,"Rabascall, Joan",Joan,Rabascall,,,"Spain, Catalan",,,891,Fiona Rae,"Rae, Fiona",Fiona,Rae,,,,,,1414,Rainbowwerke,Rainbowwerke,,Rainbowwerke,,,,,,991,Graham Ramsay and Gavin Bird,Ramsay and Bird,,Ramsay and Bird,,,,,,781,Peter Randall-Page,"Randall-Page, Peter",Peter,Randall-Page,1954,UK,,,,659,Andrew Rankin,"Rankin, Andrew",Andrew,Rankin,,,,,,1004,Timm Rautert,"Rautert, Timm",Timm,Rautert,,,Germany,,,1516,James Ravilious,"Ravilious, James",James,Ravilious,,,,,,610,Ian Rawlinson,"Rawlinson, Ian",Ian,Rawlinson,,,,,,547,Tony Ray-Jones,"Ray-Jones, Tony",Tony,Ray-Jones,,,,,,636,Kushal Ray,"Ray, Kushal",Kushal,Ray,1960,India,India,,,1452,Howard Raybould,"Raybould, Howard",Howard,Raybould,,,,,,561,Vicente Razo,"Razo, Vicente",Vicente,Razo,,,,,,654,Michelle Red Elk,"Red Elk, Michelle",Michelle,Red Elk,,,,,,1065,Jane Reece,"Reece, Jane",Jane,Reece,1869-1961,USA,USA,,,894,David Reed,"Reed, David",David,Reed,,,,,,1111,Paula Rego,"Rego, Paula",Paula,Rego,,Portugal,Portugal,,,237,Jamie Reid,"Reid, Jamie",Jamie,Reid,,,,,,1112,Pedro Cabrita Reis,"Reis, Pedro",Pedro,Reis,1956,Portugal,Portugal,,,1075,Oscar Rejlander,"Rejlander, Oscar",Oscar,Rejlander,1813-1875,Sweden,UK,,,1132,Mary Restieaux,"Restieaux, Mary",Mary,Restieaux,,,,,,430,Pedro Reyes,"Reyes, Pedro",Pedro,Reyes,,,,,,880,Àngels Ribé,"Ribé, Àngels",Àngels,Ribé,,,"Spain, Catalan",,,307,La Ribot,"Ribot, La",La,Ribot,,,,,,1182,Olivier Rican,"Rican, Olivier",Olivier,Rican,,,,,,1055,Frederick D. Richards,"Richards, Frederick D.",Frederick D.,Richards,1882-1903,USA,USA,,,660,Pamela Richardson and Kevin Smith,Richardson & Smith,,Richardson & Smith,,,,,,1280,Keith Richardson-Jones,"Richardson-Jones, Keith",Keith,Richardson-Jones,,,UK,,,1441,Olivier Richon,"Richon, Olivier",Olivier,Richon,,,,,,1006,Gerhard Richter,"Richter, Gerhard",Gerhard,Richter,,,Germany,,,1545,Lucie Rie,"Rie, Lucie",Lucie,Rie,,,,,,234,James Rielly,"Rielly, James",James,Rielly,,,,,,58,Bridget Riley,"Riley, Bridget",Bridget,Riley,1931,,,,,1133,Cath Riley,"Riley, Cath",Cath,Riley,,,,,,1013,Klaus Rinke,"Rinke, Klaus",Klaus,Rinke,,,Germany,,,440,Pipilotti Rist,"Rist, Pipilotti",Pipilotti,Rist,,,,,,720,Sophie Ristelhueber,"Ristelhueber, Sophie",Sophie,Ristelhueber,,,,,,55,Boo Ritson,"Ritson, Boo",Boo,Ritson,,,,,,1575,Barry Roberts,"Roberts, Barry",Barry,Roberts,,,,,,1120,Diane Roberts,"Roberts, Diane",Diane,Roberts,,,,,,1515,Martin Roberts,"Roberts, Martin",Martin,Roberts,1950,UK,,,,1281,Perry Roberts,"Roberts, Perry",Perry,Roberts,,,,,,646,Gwendoline Robin,"Robin, Gwendoline",Gwendoline,Robin,,,,,,764,Tessa Robins,"Robins, Tessa",Tessa,Robins,,,,,,623,Tim Robinson,"Robinson, Tim",Tim,Robinson,,,,,,1345,Claude Rogers,"Rogers, Claude",Claude,Rogers,,,,,,1090,Marta Rogoyska,"Rogoyska, Marta",Marta,Rogoyska,,,,,,408,Nigel Rolfe,"Rolfe, Nigel",Nigel,Rolfe,,,,,,730,Tim Rollins and KOS,"Rollins, Tim",Tim,Rollins,,,,,,109,Danny Rolph,"Rolph, Danny",Danny,Rolph,,,,,,151,Esther Ronay,"Ronay, Esther",Esther,Ronay,,,,,,630,Rosa Galindo,"Rosa Galindo, Rosa",Rosa,Rosa Galindo,,,,,,1018,Ulrike Rosenbach,"Rosenbach, Ulrike",Ulrike,Rosenbach,,,Germany,,,1113,Ruth Rosengarten,"Rosengarten, Ruth",Ruth,Rosengarten,1954,Israel,Portugal,,,1348,Monica Ross,"Ross, Monica",Monica,Ross,,,,,,457,Richard Ross,"Ross, Richard",Richard,Ross,,,,,,876,Benet Rossell,"Rossell, Benet",Benet,Rossell,,,"Spain, Catalan",,,143,Elizabeth Rosser,"Rosser, Elizabeth",Elizabeth,Rosser,1949,,,,,79,Charles Rotenberg,"Rotenberg, Charles",Charles,Rotenberg,,,,,,1318,Dieter Roth,"Roth, Dieter",Dieter,Roth,1933,Germany,Switzerland and Austria,,,1193,Georges Rousse,"Rousse, Georges",Georges,Rousse,,,France,,,188,Gwen Rouvillois,"Rouvillois, Gwen",Gwen,Rouvillois,,,,,,378,Michal Rovner,"Rovner, Michal",Michal,Rovner,1957,Israel,,,,518,Steve Rowell,"Rowell, Steve",Steve,Rowell,,,,,,637,Vicky Roy,"Roy, Vicky",Vicky,Roy,,India,India,,,1336,The Royal Institution,Royal Institution,,Royal Institution,,,,,,721,Thomas Ruff,"Ruff, Thomas",Thomas,Ruff,,,,,,1565,Emma Rushton,"Rushton, Emma",Emma,Rushton,,,,,,977,Caroline Russell,"Russell, Caroline",Caroline,Russell,,,,,,1134,Kate Russell,"Russell, Kate",Kate,Russell,,,,,,649,Ewa Rybska,"Rybska, Ewa",Ewa,Rybska,,,,,,1351,Shahnaz Said,"Said, Shahnaz",Shahnaz,Said,1959,Malaysia,UK,,,396,Naomi Salaman,"Salaman, Naomi",Naomi,Salaman,,,,,,446,Rashad Salim,"Salim, Rashad",Rashad,Salim,,,,,,1037,Antoine Adam-Salomon,"Salomon, Antoine",Antoine,Salomon,1811-1881,France,France,,,272,John Salt,"Salt, John",John,Salt,,,,,,260,Joanna Salter,"Salter, Joanna",Joanna,Salter,,,,,,26,Angus Sanders-Dunnachie,"Sanders-Dunnachie, Angus",Angus,Sanders-Dunnachie,,,,,,24,Angela Sanders,"Sanders, Angela",Angela,Sanders,,,,,,881,Carles Santos,"Santos, Carles",Carles,Santos,,,"Spain, Catalan",,,54,Bojan _ar_evi_,"_ar_evi_, Bojan",Bojan,_ar_evi_,,,,,,802,Charles Sargeant Jagger,"Sargeant Jagger, Charles",Charles,Sargeant Jagger,1885-1934,UK,UK,,,1073,Napoleon Sarony,"Sarony, Napoleon",Napoleon,Sarony,1821-1896,USA,Canada,,,380,Miho Sato,"Sato, Miho",Miho,Sato,,,,,,37,Aura Satz,"Satz, Aura",Aura,Satz,,,,,http://www.iamanagram.com/,"Aura Satz’s practice encompasses film, sound, performance and sculpture. She engages with technological objects that tap into ideas of knowledge and communication in their use of notation systems, languages or encrypted codes. She has performed, exhibited and screened her work nationally and internationally, including Tate Modern, Barbican Art Gallery, ICA, the Wellcome Collection, Whitechapel Gallery; Experimenta, London Film Festival; the New York Film Festival. She is Tutor in Moving Image at Royal College of Art, London."1012,Michel Sauer,"Sauer, Michel",Michel,Sauer,,,Germany,,,410,Nina Saunders,"Saunders, Nina",Nina,Saunders,,,,,,209,Hideyuki Sawayanagi,"Sawayanagi, Hideyuki",Hideyuki,Sawayanagi,,,,,,1072,Morton Schamberg,"Schamberg, Morton",Morton,Schamberg,1881-1918,USA,USA,,,1508,Sir George Scharf,"Scharf, Sir",George,Scharf,1820-1895,,,,,786,Peter Scheemakers the Younger,"Scheemakers the Younger, Peter",Peter,Scheemakers the Younger,1691-1781,Belgium ,,,,791,Thomas Scheemakers,"Scheemakers, Thomas",Thomas,Scheemakers,1740-1808,UK,,,,1584,Hans Scheirl,"Scheirl, Hans",Hans,Scheirl,,,,,,69,Carolee Schneeman,"Schneeman, Carolee",Carolee,Schneeman,,,,,,201,Helen Schoene,"Schoene, Helen",Helen,Schoene,,,,,,337,Manfred Schroeder,"Schroeder, Manfred",Manfred,Schroeder,,,,,,572,William Scott,"Scott, William",William,Scott,,,,,,1205,Hugh Scriven,"Scriven, Hugh",Hugh,Scriven,,,,,,645,Anne Seagrave,"Seagrave, Anne",Anne,Seagrave,,,,,,853,Helen Sear,"Sear, Helen",Helen,Sear,,,,,,958,David Secrett,"Secrett, David",David,Secrett,,,UK,,,586,Zineb Sedira,"Sedira, Zineb",Zineb,Sedira,,,,,http://www.zinebsedira.com/,888,Maria Serebriakova ,"Serebriakova, Maria",Maria,Serebriakova,,,Russian Federation,,,750,Henrique Seruca,"Seruca, Henrique",Henrique,Seruca,,,Portugal,,,867,Ferran Garcia Sevilla,"Sevilla, Ferran",Ferran,Sevilla,,,"Spain, Catalan",,,421,Patrick Shanahan,"Shanahan, Patrick",Patrick,Shanahan,,,,,,1434,Faith Shannon,"Shannon, Faith",Faith,Shannon,,,,,,1253,Sax Shaw,"Shaw, Sax",Sax,Shaw,,,,,,1091,Annie Sherburne,"Sherburne, Annie",Annie,Sherburne,,,,,,1230,Cindy Sherman,"Sherman, Cindy",Cindy,Sherman,1954,,USA,,,187,Guy Sherwin,"Sherwin, Guy",Guy,Sherwin,,,,,,797,James Sherwood Westmacott,"Sherwood Westmacott, James",James,Sherwood Westmacott,1823-1900,UK,,,,1505,Thomas Shew,"Shew, Thomas",Thomas,Shew,Fl. 1825,,,,,487,Sakakibara Shigeko,"Shigeko, Sakakibara",Sakakibara,Shigeko,,,,,,499,Duncan Shingleton,"Shingleton, Duncan",Duncan,Shingleton,,,,,http://www.internetofcars.org.uk/shingleton/,938,Satoru Shoji,"Shoji, Satoru",Satoru,Shoji,,,Japan,,,579,Yinka Shonibare,"Shonibare, Yinka",Yinka,Shonibare,,,,,,238,Jamie Shovlin,"Shovlin, Jamie",Jamie,Shovlin,,,,,,889,Alexei Shulgin,"Shulgin, Alexei",Alexei,Shulgin,,,Russian Federation,,,492,Santiago Sierra,"Sierra, Santiago",Santiago,Sierra,,,,,,1007,Katharina Sieverding,"Sieverding, Katharina",Katharina,Sieverding,,,Germany,,,731,Gary Simmons,"Simmons, Gary",Gary,Simmons,,,,,,295,Kelvin Simms,"Simms, Kelvin",Kelvin,Simms,,,,,,80,Charles Simonds,"Simonds, Charles",Charles,Simonds,1945,,USA,,http://charles-simonds.com/,1558,Eileen Simpson and Ben White,Simpson and White,,Simpson and White,,,,,,1224,Eileen Simpson,"Simpson, Eileen",Eileen,Simpson,,,UK,,,914,Lorna Simpson,"Simpson, Lorna",Lorna,Simpson,,,,,,223,Internationale Situationniste,"Situationniste, Internationale",Internationale,Situationniste,,,,,,1070,Lynn Skells,"Skells, Lynn",Lynn,Skells,1905-1950,USA,USA,,,1254,Ingunn Skogholt,"Skogholt, Ingunn",Ingunn,Skogholt,,,,,,593,Smith & Stewart,Smith & Stewart,,Smith & Stewart,,,,,,59,Bridget Smith,"Smith, Bridget",Bridget,Smith,,,,,,287,Justine Smith,"Smith, Justine",Justine,Smith,,,,,,1487,Keir Smith,"Smith, Keir",Keir,Smith,,,,,,1159,Martin Smith,"Smith, Martin",Martin,Smith,,,,,,369,Melanie Smith,"Smith, Melanie",Melanie,Smith,,,,,,1339,Ray Smith,"Smith, Ray",Ray,Smith,,,,,,959,Sam Smith,"Smith, Sam",Sam,Smith,,,UK,,,533,Terry Smith,"Smith, Terry",Terry,Smith,,,,,,469,Robert Smithson,"Smithson, Robert",Robert,Smithson,,,,,,1295,Miko_aj Smoczynski,"Smoczynski, Miko_aj",Miko_aj,Smoczynski,,,Poland,,,377,Michael Snow,"Snow, Michael",Michael,Snow,,,,,,280,Joshua Sofaer,"Sofaer, Joshua",Joshua,Sofaer,,,,,,82,Charlie Sofo,"Sofo, Charlie",Charlie,Sofo,,,,,,722,Frederick Sommer,"Sommer, Frederick",Frederick,Sommer,,,,,,8,Alan Sonfist,"Sonfist, Alan",Alan,Sonfist,1946,USA,USA,,http://www.alansonfist.com/,317,Li Songhua,"Songhua, Li",Li,Songhua,1969,China,China,,,1245,Joanne Soroka,"Soroka, Joanne",Joanne,Soroka,,,,,,613,Darren Southee,"Southee, Darren",Darren,Southee,,,,,,641,Helen Spackman,"Spackman, Helen",Helen,Spackman,,,,,,199,Heidi Specker,"Specker, Heidi",Heidi,Specker,,,,,,215,Humphrey Spender,"Spender, Humphrey",Humphrey,Spender,,,,,,960,Paul Spooner,"Spooner, Paul",Paul,Spooner,,,UK,,,574,Wolfgang Staehle,"Staehle, Wolfgang",Wolfgang,Staehle,,,,,,1226,Patrick Staff,"Staff, Patrick",Patrick,Staff,,,UK,,,16,Alexis Stamatiadis,"Stamatiadis, Alexis",Alexis,Stamatiadis,,,,,,1581,Stanza,Stanza,,Stanza,,,,,www.stanza.co.uk,"Stanza is an internationally recognised artist, who has been exhibiting worldwide since 1984. His artworks have won twenty international art prizes and art awards including: Vidalife 6.0 First Prize; SeNef Grand Prix; Videobrasil First Prize;Stanzas art has also been rewarded with a prestigious Nesta Dreamtime Award, an Arts Humanities Creative Fellowship and a Clarks bursary award. "273,John Stark,"Stark, John",John,Stark,,,,,,507,Simon Starling,"Starling, Simon",Simon,Starling,1967,UK,UK,,,170,Georgina Starr,"Starr, Georgina",Georgina,Starr,,,,,,1299,Arturo Di Stefano,"Stefano, Arturo",Arturo,Stefano,,,UK,,,250,Jemima Stehli,"Stehli, Jemima",Jemima,Stehli,,,,,,1048,Eduard Steichen,"Steichen, Eduard",Eduard,Steichen,1879-1973,Luxembourg,USA,,,200,Haim Steinbach,"Steinbach, Haim",Haim,Steinbach,,,,,,691,Jacques Sternberg,"Sternberg, Jacques",Jacques,Sternberg,,,,,,40,Barbara Steveni,"Steveni, Barbara",Barbara,Steveni,,,,,,167,Gary Stevens and Julian Maynard,Stevens & Maynard,,Stevens & Maynard,,,,,,1488,Milly Stevens,"Stevens, Milly",Milly,Stevens,,,,,,1227,Imogen Stidworthy,"Stidworthy, Imogen",Imogen,Stidworthy,,,UK,,,1319,Oswald Stimm,"Stimm, Oswald",Oswald,Stimm,1923,Austria,Austria,,,1320,Thomas Stimm,"Stimm, Thomas",Thomas,Stimm,1948,Austria,Austria,,,629,Andre Stitt,"Stitt, Andre",Andre,Stitt,,,,,,1321,Christian Stock,"Stock, Christian",Christian,Stock,1961,Austria,Austria and Germany,,,206,Henry Stockley,"Stockley, Henry",Henry,Stockley,,,,,,1078,Seneca R. Stoddard,"Stoddard, Seneca",Seneca,Stoddard,1843-1917,USA,USA,,,1539,Walter Stöhrer,"Stöhrer, Walter",Walter,Stöhrer,,,Germany,,,362,Matt Stokes,"Stokes, Matt",Matt,Stokes,,,,,,391,Nadezhda Stolpovskaya,"Stolpovskaya, Nadezhda",Nadezhda,Stolpovskaya,,,,,,1121,Paul Stork,"Stork, Paul",Paul,Stork,,,,,,859,Vaclav Stratil,"Stratil, Vaclav",Vaclav,Stratil,,,Czech Republic,,,508,Simon Streather,"Streather, Simon",Simon,Streather,,,,,,738,Michael Stubbs,"Stubbs, Michael",Michael,Stubbs,,,,,,740,Daniel Sturgis,"Sturgis, Daniel",Daniel,Sturgis,,,,,,818,Johannes Stuttgen,"Stuttgen, Johannes",Johannes,Stuttgen,,,,,,89,Christine Sullivan,"Sullivan, Christine",Christine,Sullivan,,,,,,137,Elaine Summers,"Summers, Elaine",Elaine,Summers,,,,,,1101,Kevin Sungsby,"Sungsby, Kevin",Kevin,Sungsby,,,UK,,,1248,Graham Sutherland,"Sutherland, Graham",Graham,Sutherland,,,,,,1092,Ann Sutton,"Sutton, Ann",Ann,Sutton,,,,,,1237,Philip Sutton,"Sutton, Philip",Philip,Sutton,,,,,,717,Ian Symonds,"Symonds, Ian",Ian,Symonds,,,,,,397,Nasrin Tabatabai,"Tabatabai, Nasrin",Nasrin,Tabatabai,,,,,,1206,Tag Partnership,Tag Partnership,,Tag Partnership,,,,,,341,Margaret Tait,"Tait, Margaret",Margaret,Tait,,,,,,934,Yuko Takada,"Takada, Yuko",Yuko,Takada,,,Japan,,,577,Xu Tan,"Tan, Xu",Xu,Tan,1957,China,China,,,1102,Neil Taylor,"Taylor, Neil",Neil,Taylor,,,UK,,,1332,Techniquest,Techniquest,,Techniquest,,,,,,1540,ter Hell,ter Hell,,ter Hell,,,Germany,,,780,Yoko Terauchi,"Terauchi, Yoko",Yoko,Terauchi,1954,Japan, ,,,535,The Atlas Group,The Atlas Group,,The Atlas Group,1967,Lebanon,USA,,,Walid Raad811,The Mass Observation Archive,"The Mass Observation Archive, ",,The Mass Observation Archive,,UK,,,,537,The Otolith Group,"The Otolith Group, ",,The Otolith Group,2000,,London UK,,,"The Otolith Group was founded in 2000 by its core members, Anjalika Sagar and Kodwo Eshun who live and work in London."686,Paul Thomas & Kevin Raxworthy,"Thomas & Raxworthy, ",,Thomas & Raxworthy,,,,,,1171,Jon Thompson,"Thompson, Jon",Jon,Thompson,1936–2016,,,,,983,Laura Thompson,"Thompson, Laura",Laura,Thompson,,,,,,992,Laura Thompson,"Thompson, Laura",Laura,Thompson,,,,,,354,Mark Thompson,"Thompson, Mark",Mark,Thompson,,,,,,798,Sir William Hamo Thornycroft,"Thornycroft, Sir William Hamo",Sir William Hamo,Thornycroft,1850-1925,UK,UK,,,567,Wilf Thust,"Thust, Wilf",Wilf,Thust,,,,,,364,Matthew Tickle,"Tickle, Matthew",Matthew,Tickle,,,,,,418,Padraig Timoney,"Timoney, Padraig",Padraig,Timoney,,,,,,235,James Tissot (1836-1902),"Tissot, James",James,Tissot,,,,,,385,Milica Tomic,"Tomic, Milica",Milica,Tomic,,,FR Yugoslavia ,,,19,Amikam Toren,"Toren, Amikam",Amikam,Toren,,,,,,882,Francesc Torres,"Torres, Francesc",Francesc,Torres,,,"Spain, Catalan",,,345,Mario Garcia Torres,"Torres, Mario Garcia",Mario Garcia,Torres,,,,,,1060,Henri Toulouse-Lautrec,"Toulouse-Lautrec, Henri",Henri,Toulouse-Lautrec,1864-1901,France,France,,,1433,James Tower,"Tower, James",James,Tower,,,,,,1232,Tessa Traeger,"Traeger, Tessa",Tessa,Traeger,,,UK,,,939,Susan Trangmar,"Trangmar, Susan",Susan,Trangmar,,,UK,,,869,Grup de Treball,"Treball, Grup",Grup,Treball,,,"Spain, Catalan",,,121,David Tremlett,"Tremlett, David",David,Tremlett,,,,,,15,Alexander Trocchi,"Trocchi, Alexander",Alexander,Trocchi,1925,UK,UK,,,478,Rosemarie Trockel,"Trockel, Rosemarie",Rosemarie,Trockel,,,,,,1322,Tamils Trombitas,"Trombitas, Tamils",Tamils,Trombitas,1952,Hungary,Hungary,,,372,Mette Tronvoll,"Tronvoll, Mette",Mette,Tronvoll,,,,,,675,Kawamura Tsutomu,"Tsutomu, Kawamura",Kawamura,Tsutomu,,,,,,1544,Norman Tulip,"Tulip, Norman",Norman,Tulip,,,,,,480,Roy Tunnicliffe,"Tunnicliffe, Roy",Roy,Tunnicliffe,,,,,,1323,Richard Tuttle,"Tuttle, Richard",Richard,Tuttle,1941,USA,USA,,,1567,Derek Tyman,"Tyman, Derek",Derek,Tyman,,,,,,294,Keith Tyson,"Tyson, Keith",Keith,Tyson,,,,,,690,Tristan Tzara,"Tzara, Tristan",Tristan,Tzara,,,,,,1135,Amelia Uden,"Uden, Amelia",Amelia,Uden,,,,,,765,Lee Ufan,"Ufan, Lee",Lee,Ufan,,,,,,441,Projects UK,"UK, Projects",Projects,UK,,,,,,597,Ulay,"Ulay, ",,Ulay,,,,,,805,Leon Underwood,"Underwood, Leon",Leon,Underwood,1890-1975,UK,,,,437,Photographer unknown,"unknown, Photographer",Photographer,unknown,,,,,,336,Mandy Ure,"Ure, Mandy",Mandy,Ure,,,,,,240,Jan van de Pavert,"van de Pavert, Jan",Jan,van de Pavert,,,,,,1141,Floris Van Den Broecke,"Van Den Broecke, Floris",Floris,Van Den Broecke,,,,,,1064,James van der Zee,"van der Zee, James",James,van der Zee,1886-1983,USA,USA,,,566,Walter van Rijn,"van Rijn, Walter",Walter,van Rijn,1960,Netherlands,UK,,waltervanrijn.wordpress.com,785,John (van) Nost the Elder,"(van) Nost the Elder, John",John,(van) Nost the Elder,1677?-1710,Belgium ,UK,,,443,Raoul Vaneigem,"Vaneigem, Raoul",Raoul,Vaneigem,1934,Belgium,Belgium,,,560,Various Artists,Various Artists,,Various Artists,,,,,,745,Lucia Vasconcelos,"Vasconcelos, Lucia",Lucia,Vasconcelos ,,,Portugal,,,640,Manuel Vason,"Vason, Manuel",Manuel,Vason,,,,,,1566,Roman Vasseur,"Vasseur, Roman",Roman,Vasseur,,,,,,414,Oleg Vassiliev,"Vassiliev, Oleg",Oleg,Vassiliev,1931-2013,,Russia,,,851,Georgia Vaux,"Vaux, Georgia",Georgia,Vaux,,,UK,,,852,Vedova Mazzei,Vedova Mazzei,Stella,Vedova Mazzei,,,Italy,,,101,Conrad Ventur,"Ventur, Conrad",Conrad,Ventur,,,,,,1176,Jan Vercruysse,"Vercruysse, Jan",Jan,Vercruysse,,,,,,135,Dziga Vertov,"Vertov, Dziga",Dziga,Vertov,1896,Poland,Russia,,,309,Laura Vickerson,"Vickerson, Laura",Laura,Vickerson,,,,,,1276,Jean-Luc Vilmouth,"Vilmouth, Jean-Luc",Jean-Luc,Vilmouth,,,,,,47,Bill Viola,"Viola, Bill",Bill,Viola,1951,USA,USA,,http://www.billviola.com,1324,Thomas Virnich,"Virnich, Thomas",Thomas,Virnich,1957,Germany,Germany,,,565,Vivan,"Vivan, ",,Vivan,,,,,,1039,Withelm von Gloeden,"von Gloeden, Withelm",Withelm,von Gloeden,1856-1931,Germany,Germany,,,1009,Dorothee von Windheim,"von Windheim, Dorothee",Dorothee,von Windheim,,,Germany,,,839,Jessica Voorsanger,"Voorsanger, Jessica",Jessica,Voorsanger,,,,,,481,Roy Voss,"Voss, Roy",Roy,Voss,,,,,,598,Hannah Vowles,"Vowles, Hannah",Hannah,Vowles,,,,,,239,Jamie Wadhawan,"Wadhawan, Jamie",Jamie,Wadhawan,,,,,,1389,Juanito Wadhwani,"Wadhwani, Juanito",Juanito,Wadhwani,,,,,,1435,Lyn Wait,"Wait, Lyn",Lyn,Wait,,,,,,1340,Larry Wakefield,"Wakefield, Larry",Larry,Wakefield,,,,,,1443,Shelagh Wakely,"Wakely, Shelagh",Shelagh,Wakely,,,,,,718,Jane Walker,"Walker, Jane",Jane,Walker,,,,,,458,Richard Walker,"Walker, Richard",Richard,Walker,,,,,,587,Zoë Walker,"Walker, Zoë",Zoë,Walker,,,,,www.walkerandbromwich.org.uk,355,Mark Wallinger,"Wallinger, Mark",Mark,Wallinger,,,,,,1136,Lois Walpole,"Walpole, Lois",Lois,Walpole,,,,,,1103,Andrew Walton,"Walton, Andrew",Andrew,Walton,,,UK,,,99,Colin Ward,"Ward, Colin",Colin,Ward,,,,,,122,David Ward,"Ward, David",David,Ward,1951,,UK,,,639,Sarah Warden,"Warden, Sarah",Sarah,Warden,,,,,,590,Andy Warhol,"Warhol, Andy",Andy,Warhol,1928,USA,USA,,,459,Richard Wathen,"Wathen, Richard",Richard,Wathen,,,,,,1104,Anne-Marie Watkins,"Watkins, Anne",Anne,Watkins,,,UK,,,1041,Carleton Watkins,"Watkins, Carleton",Carleton,Watkins,,,,,,1219,G.F. Watts,"Watts, G.F.",G.F.,Watts,,,,,,174,Gillian Wearing ,"Wearing, Gillian",Gillian,Wearing,,,,,,1177,Boyd Webb,"Webb, Boyd",Boyd,Webb,,,,,,753,Peter Weibel,"Weibel, Peter",Peter,Weibel,,,,,,311,Lawrence Weiner,"Weiner, Lawrence",Lawrence,Weiner,,,,,,153,Eva Weinmayr,"Weinmayr, Eva",Eva,Weinmayr,,,,,,895,Matthew Weinstein,"Weinstein, Matthew",Matthew,Weinstein,,,,,,1307,David Weiss,"Weiss, David",David,Weiss,1946,Switzerland,Switzerland,,,155,Eyal Weizman,"Weizman, Eyal",Eyal,Weizman,,,,,,86,Chris Welsby,"Welsby, Chris",Chris,Welsby,,,,,,133,Dong Wenshung,"Wenshung, Dong",Dong,Wenshung,1970,China,China,,,460,Richard Wentworth,"Wentworth, Richard",Richard,Wentworth,,,,,,407,Nicole Wermers,"Wermers, Nicole",Nicole,Wermers,,,,,,162,Franz West,"West, Franz",Franz,West,,,Austria,,,783,Jenny West,"West, Jenny",Jenny,West,1957,UK,,,,696,Vivienne Westwood,"Westwood, Vivienne",Vivienne,Westwood,,,,,,1228,Stuart Whipps,"Whipps, Stuart",Stuart,Whipps,,,UK,,,1023,Anthony Whishaw,"Whishaw, Anthony",Anthony,Whishaw,,,,,,1225,Ben White,"White, Ben",Ben,White,,,UK,,,1554,Clarence White,"White, Clarence",Clarence,White,,,,,,236,James White,"White, James",James,White,,,,,,961,John White,"White, John",John,White,,,UK,,,1027,Kate Whiteford,"Whiteford, Kate",Kate,Whiteford,1952,UK,UK,,,1444,Jack Whitehead,"Whitehead, Jack",Jack,Whitehead,,,,,,1492,Pat Whiteread,"Whiteread, Pat",Pat,Whiteread,,,,,,962,Benedict Whybrow,"Whybrow, Benedict",Benedict,Whybrow,,,UK,,,18,Alison Wilding,"Wilding, Alison",Alison,Wilding,1948,,,,,963,Tom Wilkinson,"Wilkinson, Tom",Tom,Wilkinson,,,UK,,,516,Stephen Willats,"Willats, Stephen",Stephen,Willats,1943,UK,,,,43,Belinda Williams,"Williams, Belinda",Belinda,Williams,,,,,,75,Charles Frederick Williams,"Williams, Charles Frederick",Charles Frederick,Williams,,,,,,1346,Elizabeth Williams,"Williams, Elizabeth",Elizabeth,Williams,1949,UK,UK,,,173,Gerard Williams,"Williams, Gerard",Gerard,Williams,,,,,,1335,Dr J.S. Williams,"Williams, J.S.",J.S.,Williams,,,,,,449,Rhiannon Williams,"Williams, Rhiannon",Rhiannon,Williams,,,,,,1208,Robert Williams,"Williams, Robert",Robert,Williams,,,,,,1209,Rupert Williamson,"Williamson, Rupert",Rupert,Williamson,,,,,,563,Victor Willing,"Willing, Victor",Victor,Willing,1928-1988,,,,,257,Jo Willoughby,"Willoughby, Jo",Jo,Willoughby,,,,,,4,Adam Wilson,"Wilson, Adam",Adam,Wilson,,,,,,189,H.P.Wilson,"Wilson, H.P.",H.P.,Wilson,,,,,,981,Hilary Wilson,"Wilson, Hilary",Hilary,Wilson,,,,,,594,Jane and Louise Wilson,"Wilson, Jane and Louise",Jane and Louise,Wilson,,,,,,1334,Dr R.J. Wilson,"Wilson, R.J.",R.J.,Wilson,,,,,,461,Richard Wilson,"Wilson, Richard",Richard,Wilson,,,,,,788,Joseph Wilton,"Wilton, Joseph",Joseph,Wilton,1722-1803,UK,,,,427,Paul Winstanley,"Winstanley, Paul",Paul,Winstanley,,,,,,462,Richard Winther,"Winther, Richard",Richard,Winther,,,,,,1453,Rebecca Witherick,"Witherick, Rebecca",Rebecca,Witherick,,,,,,703,Gil J. Wolman,"Wolman, Gil J.",Gil J.,Wolman,,,,,,1330,Wols,Wols,,Wols,1913-1951,Germany,Spain and France,,,Wols a.k.a. Alfred Otto Wolfgang Schulze604,John Wood and Paul Harrison,Wood & Harrison,,Wood & Harrison,,,,,,840,Craig Wood,"Wood, Craig",Craig,Wood,,,,,,795,Henry Wood,"Wood, Henry",Henry,Wood,1801-1830,UK,,,,796,William Frederick Woodington,"Woodington, William Frederick",William Frederick,Woodington,1806-1893,UK,UK,,,1277,Bill Woodrow,"Woodrow, Bill",Bill,Woodrow,,,,,,93,Claire Woods,"Woods, Claire",Claire,Woods,,,,,,316,Leon Woolls,"Woolls, Leon",Leon,Woolls,,,,,,1210,Martin Woolner,"Woolner, Martin",Martin,Woolner,,,,,,222,Intermedia Workshop,"Workshop, Intermedia",Intermedia,Workshop,,,,,,14,Alexa Wright,"Wright, Alexa",Alexa,Wright,,,UK,,http://www.alexawright.com/,766,Peter Wüthrich,"Wüthrich, Peter",Peter,Wüthrich,,,,,,1528,P.D. Wyndham Lewis,"Wyndham Lewis, P.D.",P.D.,Wyndham Lewis,,,,,,576,Anon,"x, ",,Anon,,,,,,212,Huang Xiaopeng,"Xiaopeng, Huang",Huang,Xiaopeng,1960,China,China,,,878,Jaume Xifra,"Xifra, Jaume",Jaume,Xifra,,,"Spain, Catalan",,,103,Cui Xiuwen,"Xiuwen, Cui",Cui,Xiuwen,1970,China,China,,,723,Verdi Yahooda,"Yahooda, Verdi",Verdi,Yahooda,,,UK,,http://www.verdi-yahooda.co.uk,1093,Helen Yardley,"Yardley, Helen",Helen,Yardley,,,,,,994,Penny Yasour,"Yasour, Penny",Penny,Yasour,,,Israel,,,72,Catherine Yass,"Yass, Catherine",Catherine,Yass,1963,UK,UK,,,1160,Takeshi Yasuda,"Yasuda, Takeshi",Takeshi,Yasuda,,,,,,331,Ma Yongfeng,"Yongfeng, Ma",Ma,Yongfeng,1971,China,China,,,933,Teruyoshi Yoshida,"Yoshida, Teruyoshi",Teruyoshi,Yoshida,,,Japan,,,932,Masao Yoshimura,"Yoshimura, Masao",Masao,Yoshimura,,,Japan,,,67,Carey Young,"Young, Carey",Carey,Young,,,,,,196,Harry Younger,"Younger, Harry",Harry,Younger,,,,,,319,Liang Yue,"Yue, Liang",Liang,Yue,1979,China,China,,,771,Ainsley Yule,"Yule, Ainsley",Ainsley,Yule,1941,UK,,,,310,Lawrence Paul Yuxwelputan,"Yuxwelputan, Lawrence Paul",Lawrence Paul,Yuxwelputan,,,,,,556,Vadim Zakharov,"Zakharov, Vadim",Vadim,Zakharov,1959 in ,,Tajikistan,,,402,Neil Zakiewicz,"Zakiewicz, Neil",Neil,Zakiewicz,,,,,,964,Jan Zalud,"Zalud, Jan",Jan,Zalud,,,UK,,,241,Jana Zelibska,"Zelibska, Jana",Jana,Zelibska,,,Slovak Rep.,,,578,Xu Zhen,"Zhen, Xu",Xu,Zhen,1977,China,China,,,1541,Bernd Zimmer,"Zimmer, Bernd",Bernd,Zimmer,,,Germany,,,978,Peter Zimmermann,"Zimmermann, Peter",Peter,Zimmermann,,,,,,502,Silvia Ziranek,"Ziranek, Silvia",Silvia,Ziranek,,,,,,197,Harvey Zucker,"Zucker, Harvey",Harvey,Zucker,,,,,,29,Anon.,"zzAnonymous, ",,Anon.,,,,,,Anonymous: The artist is unknown or wishes to stay unknown.